-- ═══════════════════════════════════════════════════════════
-- POC demo seed — auto-loaded by api/migrate.js on a fresh DB
-- Exported: 2026-05-29
-- 
-- Users are excluded — use static login (admin@local / admin1234)
-- ═══════════════════════════════════════════════════════════

-- Disable FK checks during import (circular refs between tables)
SET session_replication_role = 'replica';

--
-- PostgreSQL database dump
--

\restrict YOXLmdcw46MEqnXh5hOxgAeeIgbTIRgEE0ghaESg32CYpUsMEXVnNcNXmRvbpQ9

-- Dumped from database version 17.9 (Homebrew)
-- Dumped by pg_dump version 17.9 (Homebrew)

SET statement_timeout = 0;
SET lock_timeout = 0;
SET idle_in_transaction_session_timeout = 0;
SET transaction_timeout = 0;
SET client_encoding = 'UTF8';
SET standard_conforming_strings = on;
SELECT pg_catalog.set_config('search_path', '', false);
SET check_function_bodies = false;
SET xmloption = content;
SET client_min_messages = warning;
SET row_security = off;

--
-- Data for Name: companies; Type: TABLE DATA; Schema: public; Owner: -
--

INSERT INTO public.companies VALUES ('11111111-1111-1111-1111-111111111111', 'บริษัท เอส.ดี.เอ. กรุ๊ป จำกัด', 'sda-group', '0105529041298', '367/1 อาคารเดชะรินทร์ ซอยศูนย์วิจัย 4 ถนนพระรามที่ 9 แขวงบางกะปิ เขตห้วยขวาง กรุงเทพมหานคร 10310', '02-3195588', NULL, '{}', '{}', true, '2026-05-11 16:13:13.09673+07', '2026-05-11 16:13:13.09673+07');


--
-- Data for Name: projects; Type: TABLE DATA; Schema: public; Owner: -
--

INSERT INTO public.projects VALUES ('6d53551c-2c84-45ba-bac7-518d2bf81287', '11111111-1111-1111-1111-111111111111', 'SDA-2026-001', 'Marine Navigation System - Phuket', NULL, 'active', '2026-01-15', '2026-06-30', '1d57e25a-e741-4cc7-aa88-55276aba0df8', NULL, 1280000.00, 1235000.00, 1028000.00, 80, '{}', '1d57e25a-e741-4cc7-aa88-55276aba0df8', '2026-05-11 17:21:22.736711+07', '2026-05-26 14:13:00.313818+07', 5.00, 64000.00, '2027-06-30', 'holding');
INSERT INTO public.projects VALUES ('de7b0847-7026-4447-b7b8-1cf0b983d44b', '11111111-1111-1111-1111-111111111111', 'SDA-2026-002', 'Sonar System Installation - Rayong', NULL, 'active', '2026-02-01', '2026-07-31', 'b31dbffc-0fd4-42fe-8ae5-a960de5b328d', NULL, 950000.00, 920000.00, 460000.00, 50, '{}', 'b31dbffc-0fd4-42fe-8ae5-a960de5b328d', '2026-05-11 17:21:22.736711+07', '2026-05-26 14:13:00.313818+07', 5.00, 47500.00, '2027-07-31', 'holding');
INSERT INTO public.projects VALUES ('e467ad24-f938-4728-a219-7d61c1dc0823', '11111111-1111-1111-1111-111111111111', 'SDA-2026-003', 'Radar System Upgrade - Bangkok', NULL, 'active', '2026-03-01', '2026-08-31', 'd0b32103-3b47-45cc-8aa9-5e7030cf226a', NULL, 1100000.00, 1060000.00, 1130000.00, 20, '{}', 'd0b32103-3b47-45cc-8aa9-5e7030cf226a', '2026-05-11 17:21:22.736711+07', '2026-05-26 14:13:00.313818+07', 5.00, 55000.00, '2027-08-31', 'none');
INSERT INTO public.projects VALUES ('10e762e9-bdc9-41d7-9756-0d0ed4cbdfc4', '11111111-1111-1111-1111-111111111111', 'SDA-2026-004', 'GPS Fleet Management - Samut Prakan', NULL, 'active', '2026-01-01', '2026-05-31', '1d57e25a-e741-4cc7-aa88-55276aba0df8', NULL, 650000.00, 630000.00, 598000.00, 95, '{}', '1d57e25a-e741-4cc7-aa88-55276aba0df8', '2026-05-11 17:21:22.736711+07', '2026-05-26 14:13:00.313818+07', 5.00, 32500.00, '2027-05-31', 'holding');
INSERT INTO public.projects VALUES ('a3e5075c-0484-4631-b718-9af934802de1', '11111111-1111-1111-1111-111111111111', 'SDA-2026-005', 'Satcom System - Chonburi', NULL, 'active', '2026-02-15', '2026-09-30', 'b31dbffc-0fd4-42fe-8ae5-a960de5b328d', NULL, 1800000.00, 1750000.00, 1137500.00, 65, '{}', 'b31dbffc-0fd4-42fe-8ae5-a960de5b328d', '2026-05-11 17:21:22.736711+07', '2026-05-26 14:13:00.313818+07', 5.00, 90000.00, '2027-09-30', 'holding');
INSERT INTO public.projects VALUES ('586d4de6-73eb-469d-92d2-7546654ff0dd', '11111111-1111-1111-1111-111111111111', 'SDA-2026-006', 'AIS Repeater System - Surat Thani', 'ติดตั้งระบบ AIS Repeater สำหรับท่าเรือสุราษฎร์ธานี', 'active', '2026-03-01', '2026-08-30', 'd0b32103-3b47-45cc-8aa9-5e7030cf226a', NULL, 720000.00, 700000.00, 280000.00, 40, '{}', 'd0b32103-3b47-45cc-8aa9-5e7030cf226a', '2026-05-11 17:21:23.433908+07', '2026-05-26 14:13:00.313818+07', 5.00, 36000.00, '2027-08-30', 'none');
INSERT INTO public.projects VALUES ('b1414314-c8cb-4184-98ac-baebae84a764', '11111111-1111-1111-1111-111111111111', 'SDA-2026-007', 'Weather Station Network - Chumphon', 'ติดตั้งเครือข่ายสถานีตรวจอากาศ 5 จุด', 'active', '2026-04-01', '2026-10-31', 'b31dbffc-0fd4-42fe-8ae5-a960de5b328d', NULL, 1500000.00, 1450000.00, 362500.00, 25, '{}', 'b31dbffc-0fd4-42fe-8ae5-a960de5b328d', '2026-05-11 17:21:23.433908+07', '2026-05-26 14:13:00.313818+07', 5.00, 75000.00, '2027-10-31', 'none');
INSERT INTO public.projects VALUES ('c96cc3ca-23d9-40ca-a9d4-217f701767bb', '11111111-1111-1111-1111-111111111111', 'SDA-2026-008', 'CCTV Monitoring Port - Laem Chabang', 'ระบบ CCTV ท่าเรือแหลมฉบัง 24 จุด', 'active', '2026-02-15', '2026-07-31', '1d57e25a-e741-4cc7-aa88-55276aba0df8', NULL, 2200000.00, 2100000.00, 1680000.00, 80, '{}', '1d57e25a-e741-4cc7-aa88-55276aba0df8', '2026-05-11 17:21:23.433908+07', '2026-05-26 14:13:00.313818+07', 5.00, 110000.00, '2027-07-31', 'holding');
INSERT INTO public.projects VALUES ('5e9c047f-a845-48d6-a2e5-dc1e5fdb323d', '11111111-1111-1111-1111-111111111111', 'SDA-2026-009', 'Radio Communication Upgrade - Navy', 'อัพเกรดระบบสื่อสารวิทยุ กองทัพเรือ', 'planning', '2026-06-01', '2026-12-31', '75b4f523-f342-4c11-97b5-26757ccf1449', NULL, 3500000.00, 0.00, 0.00, 0, '{}', '75b4f523-f342-4c11-97b5-26757ccf1449', '2026-05-11 17:21:23.433908+07', '2026-05-26 14:13:00.313818+07', 5.00, 175000.00, '2027-12-31', 'none');
INSERT INTO public.projects VALUES ('d8838034-b3f2-4781-83df-4f5f00a41061', '11111111-1111-1111-1111-111111111111', 'SDA-2026-010', 'Echo Sounder Maintenance - Songkhla', 'ซ่อมบำรุง Echo Sounder ประจำปี', 'active', '2026-01-15', '2026-04-30', 'b31dbffc-0fd4-42fe-8ae5-a960de5b328d', NULL, 350000.00, 340000.00, 340000.00, 100, '{}', 'b31dbffc-0fd4-42fe-8ae5-a960de5b328d', '2026-05-11 17:21:23.433908+07', '2026-05-26 14:13:00.313818+07', 5.00, 17500.00, '2027-04-30', 'holding');
INSERT INTO public.projects VALUES ('5a190f8c-e256-498a-bb0f-4705b960dced', '11111111-1111-1111-1111-111111111111', 'SDA-2026-011', 'VTS System - Map Ta Phut', 'ระบบ Vessel Traffic Service ท่าเรือมาบตาพุด', 'active', '2026-03-15', '2026-11-30', 'd0b32103-3b47-45cc-8aa9-5e7030cf226a', NULL, 4800000.00, 4600000.00, 920000.00, 20, '{}', 'd0b32103-3b47-45cc-8aa9-5e7030cf226a', '2026-05-11 17:21:23.433908+07', '2026-05-26 14:13:00.313818+07', 5.00, 240000.00, '2027-11-30', 'none');
INSERT INTO public.projects VALUES ('aa52a2af-0912-4d3b-9de7-41f4dcc99fb0', '11111111-1111-1111-1111-111111111111', 'SDA-2026-012', 'Gyro Compass Replacement - Ferry', 'เปลี่ยน Gyro Compass เรือเฟอร์รี่ 3 ลำ', 'completed', '2025-10-01', '2026-02-28', '1d57e25a-e741-4cc7-aa88-55276aba0df8', NULL, 900000.00, 880000.00, 865000.00, 100, '{}', '1d57e25a-e741-4cc7-aa88-55276aba0df8', '2026-05-11 17:21:23.433908+07', '2026-05-26 14:13:00.313818+07', 5.00, 45000.00, '2027-02-28', 'holding');


--
-- Data for Name: activity_log; Type: TABLE DATA; Schema: public; Owner: -
--

INSERT INTO public.activity_log VALUES ('d3f4faf9-9ce0-407e-a78e-980aba20ec8c', '11111111-1111-1111-1111-111111111111', '6d53551c-2c84-45ba-bac7-518d2bf81287', 'ebee042c-0b67-4061-8ae0-6755b8549575', 'created', 'expense', NULL, 'สร้าง EXP26050003 ค่าที่พัก ภูเก็ต ฿12,500', '{}', '2026-05-11 15:21:23.433908+07');
INSERT INTO public.activity_log VALUES ('79b8d3c8-c610-4ca5-8642-a4b14a2ab43a', '11111111-1111-1111-1111-111111111111', '6d53551c-2c84-45ba-bac7-518d2bf81287', '1d57e25a-e741-4cc7-aa88-55276aba0df8', 'approved', 'pr', NULL, 'อนุมัติ PR26050008 Sonar Module ฿62,000', '{}', '2026-05-11 12:21:23.433908+07');
INSERT INTO public.activity_log VALUES ('c27dff41-59a1-48dc-aa1c-719841448baa', '11111111-1111-1111-1111-111111111111', '6d53551c-2c84-45ba-bac7-518d2bf81287', '95742447-39bf-46eb-8eea-ed16a808e164', 'created', 'attachment', NULL, 'อัปโหลด Calibration Report', '{}', '2026-05-10 17:21:23.433908+07');
INSERT INTO public.activity_log VALUES ('c7599356-71e3-4753-ab99-9675c6655763', '11111111-1111-1111-1111-111111111111', '6d53551c-2c84-45ba-bac7-518d2bf81287', 'b31dbffc-0fd4-42fe-8ae5-a960de5b328d', 'updated', 'task', NULL, 'เสร็จ task "Sonar Module Test #3"', '{}', '2026-05-09 17:21:23.433908+07');
INSERT INTO public.activity_log VALUES ('5d13eeba-a827-4377-9fa0-4ff4f9b8ec3c', '11111111-1111-1111-1111-111111111111', '6d53551c-2c84-45ba-bac7-518d2bf81287', 'd0b32103-3b47-45cc-8aa9-5e7030cf226a', 'created', 'vehicle', NULL, 'จองรถ กก-1234 เดินทาง Phuket 15-17 May', '{}', '2026-05-08 17:21:23.433908+07');
INSERT INTO public.activity_log VALUES ('7d640134-7d01-4379-a046-980094a6fe05', '11111111-1111-1111-1111-111111111111', 'c96cc3ca-23d9-40ca-a9d4-217f701767bb', '1d57e25a-e741-4cc7-aa88-55276aba0df8', 'created', 'pr', NULL, 'สร้าง PR26030010 CCTV Camera x24 ฿920,000', '{}', '2026-03-11 17:21:23.433908+07');
INSERT INTO public.activity_log VALUES ('481e909a-c200-4f61-8a62-399eff1aa05a', '11111111-1111-1111-1111-111111111111', 'c96cc3ca-23d9-40ca-a9d4-217f701767bb', '24d99416-9114-405c-ac4d-97707f282c5c', 'created', 'expense', NULL, 'สร้าง EXP26050010 Software License ฿85,000', '{}', '2026-05-10 17:21:23.433908+07');
INSERT INTO public.activity_log VALUES ('967175f4-6442-4245-84d2-a8f5c2661ae1', '11111111-1111-1111-1111-111111111111', '5a190f8c-e256-498a-bb0f-4705b960dced', 'd0b32103-3b47-45cc-8aa9-5e7030cf226a', 'created', 'pr', NULL, 'สร้าง PR26050020 VTS Radar ฿1,200,000', '{}', '2026-05-09 17:21:23.433908+07');
INSERT INTO public.activity_log VALUES ('443f1933-c982-447c-9ebd-9dd3a0a49884', '11111111-1111-1111-1111-111111111111', '5a190f8c-e256-498a-bb0f-4705b960dced', 'd0b32103-3b47-45cc-8aa9-5e7030cf226a', 'created', 'travel', NULL, 'สร้าง TRV26050006 สำรวจ VTS มาบตาพุด', '{}', '2026-05-10 17:21:23.433908+07');
INSERT INTO public.activity_log VALUES ('d5a66735-c792-472c-b1c2-89eb068ff083', '11111111-1111-1111-1111-111111111111', '586d4de6-73eb-469d-92d2-7546654ff0dd', 'ebee042c-0b67-4061-8ae0-6755b8549575', 'updated', 'task', NULL, 'กำลังติดตั้ง AIS จุดที่ 2', '{}', '2026-05-10 17:21:23.433908+07');
INSERT INTO public.activity_log VALUES ('d817d55a-1706-4501-a010-d95f4847a9be', '11111111-1111-1111-1111-111111111111', 'b1414314-c8cb-4184-98ac-baebae84a764', 'b31dbffc-0fd4-42fe-8ae5-a960de5b328d', 'created', 'pr', NULL, 'สร้าง PR26050019 Weather Station ฿450,000', '{}', '2026-05-08 17:21:23.433908+07');
INSERT INTO public.activity_log VALUES ('41212049-cd28-4574-a713-6c41d6c35976', '11111111-1111-1111-1111-111111111111', 'de7b0847-7026-4447-b7b8-1cf0b983d44b', 'd0b32103-3b47-45cc-8aa9-5e7030cf226a', 'created', 'vehicle', NULL, 'เช็คเอาท์รถ ขข-5678 ไป Rayong', '{}', '2026-05-09 17:21:23.433908+07');
INSERT INTO public.activity_log VALUES ('02868d5d-3a24-40de-bab2-ffb5865d590d', '11111111-1111-1111-1111-111111111111', NULL, '5959a486-ba8f-4416-95a0-9dcb6eb54745', 'approved', 'budget', NULL, 'อนุมัติ BG-2026-006 AIS Repeater ฿700K', '{}', '2026-05-01 17:21:23.433908+07');
INSERT INTO public.activity_log VALUES ('613c35b5-00a1-45b7-885d-25c6e7f6c2b2', '11111111-1111-1111-1111-111111111111', 'd8838034-b3f2-4781-83df-4f5f00a41061', 'b31dbffc-0fd4-42fe-8ae5-a960de5b328d', 'updated', 'project', NULL, 'Project Echo Sounder Maintenance เสร็จ 100%', '{}', '2026-04-30 17:21:23.433908+07');
INSERT INTO public.activity_log VALUES ('a97f701a-414f-470f-8d51-ac88c95a42ed', '11111111-1111-1111-1111-111111111111', 'e467ad24-f938-4728-a219-7d61c1dc0823', 'd0b32103-3b47-45cc-8aa9-5e7030cf226a', 'create', NULL, NULL, 'Created project', '{}', '2026-03-01 16:00:00+07');
INSERT INTO public.activity_log VALUES ('bd319805-8e19-4e87-983d-9e564d7a3638', '11111111-1111-1111-1111-111111111111', 'e467ad24-f938-4728-a219-7d61c1dc0823', 'd0b32103-3b47-45cc-8aa9-5e7030cf226a', 'approve', NULL, NULL, 'Approved budget BG-2026-003', '{}', '2026-03-05 16:00:00+07');
INSERT INTO public.activity_log VALUES ('08f9038e-3298-4bb4-aac0-e6f06966b808', '11111111-1111-1111-1111-111111111111', 'e467ad24-f938-4728-a219-7d61c1dc0823', 'd0b32103-3b47-45cc-8aa9-5e7030cf226a', 'submit', NULL, NULL, 'Submitted PR26030001 for radar equipment', '{}', '2026-03-10 16:00:00+07');
INSERT INTO public.activity_log VALUES ('3656ab9d-412c-4e29-a102-1e5b48bb0d4b', '11111111-1111-1111-1111-111111111111', 'e467ad24-f938-4728-a219-7d61c1dc0823', 'ebee042c-0b67-4061-8ae0-6755b8549575', 'update', NULL, NULL, 'Site survey completed', '{}', '2026-03-15 16:00:00+07');
INSERT INTO public.activity_log VALUES ('a49e8109-45d4-4943-8e39-547a65cc5245', '11111111-1111-1111-1111-111111111111', 'e467ad24-f938-4728-a219-7d61c1dc0823', 'ebee042c-0b67-4061-8ae0-6755b8549575', 'update', NULL, NULL, 'Old radar dismantling started', '{}', '2026-04-20 16:00:00+07');
INSERT INTO public.activity_log VALUES ('b17e7fc0-5a6d-46c4-a6d2-11b80a84ba48', '11111111-1111-1111-1111-111111111111', 'e467ad24-f938-4728-a219-7d61c1dc0823', 'd0b32103-3b47-45cc-8aa9-5e7030cf226a', 'approve', NULL, NULL, 'PR26040002 approved for cables', '{}', '2026-04-10 16:00:00+07');
INSERT INTO public.activity_log VALUES ('5462096c-b5a6-4894-bcd8-9c668974a24d', '11111111-1111-1111-1111-111111111111', 'e467ad24-f938-4728-a219-7d61c1dc0823', 'd0b32103-3b47-45cc-8aa9-5e7030cf226a', 'update', NULL, NULL, 'Phase 1 Assessment completed', '{}', '2026-04-01 16:00:00+07');
INSERT INTO public.activity_log VALUES ('e70d7057-2264-47fb-ac9f-ff34438d7995', '11111111-1111-1111-1111-111111111111', 'e467ad24-f938-4728-a219-7d61c1dc0823', 'b31dbffc-0fd4-42fe-8ae5-a960de5b328d', 'update', NULL, NULL, 'New radar equipment received', '{}', '2026-04-05 16:00:00+07');
INSERT INTO public.activity_log VALUES ('b8265b4b-b6ea-4765-9729-e297bf2fdd6a', '11111111-1111-1111-1111-111111111111', 'e467ad24-f938-4728-a219-7d61c1dc0823', 'd0b32103-3b47-45cc-8aa9-5e7030cf226a', 'update', NULL, NULL, 'Installation team mobilized', '{}', '2026-05-10 16:00:00+07');
INSERT INTO public.activity_log VALUES ('fe6dcc09-db47-4987-aad8-ea528e1f2ea9', '11111111-1111-1111-1111-111111111111', 'e467ad24-f938-4728-a219-7d61c1dc0823', 'd0b32103-3b47-45cc-8aa9-5e7030cf226a', 'update', NULL, NULL, 'Progress updated to 20%', '{}', '2026-05-20 16:00:00+07');
INSERT INTO public.activity_log VALUES ('e41db69b-9d8b-4fc0-be8f-febd7848ffdd', '11111111-1111-1111-1111-111111111111', '10e762e9-bdc9-41d7-9756-0d0ed4cbdfc4', 'd0b32103-3b47-45cc-8aa9-5e7030cf226a', 'update', NULL, NULL, 'Project created', '{}', '2026-04-23 16:07:49.76325+07');
INSERT INTO public.activity_log VALUES ('5bcd5538-15eb-4801-aadb-993d62708a66', '11111111-1111-1111-1111-111111111111', '10e762e9-bdc9-41d7-9756-0d0ed4cbdfc4', 'b31dbffc-0fd4-42fe-8ae5-a960de5b328d', 'update', NULL, NULL, 'Budget approved', '{}', '2026-04-30 16:07:49.763584+07');
INSERT INTO public.activity_log VALUES ('a2a388e9-ef53-43fd-a82d-cf7268a47c2b', '11111111-1111-1111-1111-111111111111', '10e762e9-bdc9-41d7-9756-0d0ed4cbdfc4', 'ebee042c-0b67-4061-8ae0-6755b8549575', 'update', NULL, NULL, 'PR submitted', '{}', '2026-05-07 16:07:49.763831+07');
INSERT INTO public.activity_log VALUES ('8559a181-7bc5-4087-9752-6b9c4d585a22', '11111111-1111-1111-1111-111111111111', '10e762e9-bdc9-41d7-9756-0d0ed4cbdfc4', '1d57e25a-e741-4cc7-aa88-55276aba0df8', 'update', NULL, NULL, 'Equipment ordered', '{}', '2026-05-14 16:07:49.764064+07');
INSERT INTO public.activity_log VALUES ('c617af62-bb5f-44a2-8bbd-6cfce82782c2', '11111111-1111-1111-1111-111111111111', '10e762e9-bdc9-41d7-9756-0d0ed4cbdfc4', '95742447-39bf-46eb-8eea-ed16a808e164', 'update', NULL, NULL, 'Site survey completed', '{}', '2026-05-21 16:07:49.764308+07');
INSERT INTO public.activity_log VALUES ('a9528cea-28b9-499e-a505-8f9c8f3e0e70', '11111111-1111-1111-1111-111111111111', 'a3e5075c-0484-4631-b718-9af934802de1', 'd0b32103-3b47-45cc-8aa9-5e7030cf226a', 'update', NULL, NULL, 'Project created', '{}', '2026-04-23 16:07:49.770571+07');
INSERT INTO public.activity_log VALUES ('fbf132ea-5874-4af5-89f9-8534c52ab7ce', '11111111-1111-1111-1111-111111111111', 'a3e5075c-0484-4631-b718-9af934802de1', 'b31dbffc-0fd4-42fe-8ae5-a960de5b328d', 'update', NULL, NULL, 'Budget approved', '{}', '2026-04-30 16:07:49.770908+07');
INSERT INTO public.activity_log VALUES ('452ba343-8378-462e-8f1c-2a93ec0955ff', '11111111-1111-1111-1111-111111111111', 'a3e5075c-0484-4631-b718-9af934802de1', 'ebee042c-0b67-4061-8ae0-6755b8549575', 'update', NULL, NULL, 'PR submitted', '{}', '2026-05-07 16:07:49.771187+07');
INSERT INTO public.activity_log VALUES ('de833719-9f09-4a39-914b-c578936b4968', '11111111-1111-1111-1111-111111111111', 'a3e5075c-0484-4631-b718-9af934802de1', '1d57e25a-e741-4cc7-aa88-55276aba0df8', 'update', NULL, NULL, 'Equipment ordered', '{}', '2026-05-14 16:07:49.77146+07');
INSERT INTO public.activity_log VALUES ('3e8a7c6b-8070-4f2e-adcb-4e19aec9d9f7', '11111111-1111-1111-1111-111111111111', 'a3e5075c-0484-4631-b718-9af934802de1', '95742447-39bf-46eb-8eea-ed16a808e164', 'update', NULL, NULL, 'Site survey completed', '{}', '2026-05-21 16:07:49.771737+07');
INSERT INTO public.activity_log VALUES ('715d17ae-c538-4b0f-bb16-92be1c385658', '11111111-1111-1111-1111-111111111111', '5e9c047f-a845-48d6-a2e5-dc1e5fdb323d', 'd0b32103-3b47-45cc-8aa9-5e7030cf226a', 'update', NULL, NULL, 'Project created', '{}', '2026-04-23 16:07:49.780845+07');
INSERT INTO public.activity_log VALUES ('cb22e4a4-3ced-47da-b69e-9807753c1dfc', '11111111-1111-1111-1111-111111111111', '5e9c047f-a845-48d6-a2e5-dc1e5fdb323d', 'b31dbffc-0fd4-42fe-8ae5-a960de5b328d', 'update', NULL, NULL, 'Budget approved', '{}', '2026-04-30 16:07:49.781147+07');
INSERT INTO public.activity_log VALUES ('8948b465-b860-41c1-9bda-effbdd7d333a', '11111111-1111-1111-1111-111111111111', '5e9c047f-a845-48d6-a2e5-dc1e5fdb323d', 'ebee042c-0b67-4061-8ae0-6755b8549575', 'update', NULL, NULL, 'PR submitted', '{}', '2026-05-07 16:07:49.781396+07');
INSERT INTO public.activity_log VALUES ('97335330-9082-4a2f-8864-8e2111110163', '11111111-1111-1111-1111-111111111111', '5e9c047f-a845-48d6-a2e5-dc1e5fdb323d', '1d57e25a-e741-4cc7-aa88-55276aba0df8', 'update', NULL, NULL, 'Equipment ordered', '{}', '2026-05-14 16:07:49.781651+07');
INSERT INTO public.activity_log VALUES ('ff939fc0-ec6d-46c4-ad7e-c78039d1ccf2', '11111111-1111-1111-1111-111111111111', '5e9c047f-a845-48d6-a2e5-dc1e5fdb323d', '95742447-39bf-46eb-8eea-ed16a808e164', 'update', NULL, NULL, 'Site survey completed', '{}', '2026-05-21 16:07:49.781924+07');
INSERT INTO public.activity_log VALUES ('0b246df2-fbb9-4ee2-99c1-8577142ede29', '11111111-1111-1111-1111-111111111111', 'aa52a2af-0912-4d3b-9de7-41f4dcc99fb0', 'd0b32103-3b47-45cc-8aa9-5e7030cf226a', 'update', NULL, NULL, 'Project created', '{}', '2026-04-23 16:07:49.788613+07');
INSERT INTO public.activity_log VALUES ('619431e7-db47-45a1-8499-7da7d6631658', '11111111-1111-1111-1111-111111111111', 'aa52a2af-0912-4d3b-9de7-41f4dcc99fb0', 'b31dbffc-0fd4-42fe-8ae5-a960de5b328d', 'update', NULL, NULL, 'Budget approved', '{}', '2026-04-30 16:07:49.788885+07');
INSERT INTO public.activity_log VALUES ('b0c6179b-91e9-4204-b1c0-e2d781e35533', '11111111-1111-1111-1111-111111111111', 'aa52a2af-0912-4d3b-9de7-41f4dcc99fb0', 'ebee042c-0b67-4061-8ae0-6755b8549575', 'update', NULL, NULL, 'PR submitted', '{}', '2026-05-07 16:07:49.789144+07');
INSERT INTO public.activity_log VALUES ('0746f938-f5e8-4092-add8-2f5629b2aad3', '11111111-1111-1111-1111-111111111111', 'aa52a2af-0912-4d3b-9de7-41f4dcc99fb0', '1d57e25a-e741-4cc7-aa88-55276aba0df8', 'update', NULL, NULL, 'Equipment ordered', '{}', '2026-05-14 16:07:49.789427+07');
INSERT INTO public.activity_log VALUES ('ebdbecf0-5b6c-4e02-9d30-22d3a8cd4499', '11111111-1111-1111-1111-111111111111', 'aa52a2af-0912-4d3b-9de7-41f4dcc99fb0', '95742447-39bf-46eb-8eea-ed16a808e164', 'update', NULL, NULL, 'Site survey completed', '{}', '2026-05-21 16:07:49.790247+07');


--
-- Data for Name: expenses; Type: TABLE DATA; Schema: public; Owner: -
--

INSERT INTO public.expenses VALUES ('b1fa54d7-fc87-4410-9bef-d479bbb24d87', '11111111-1111-1111-1111-111111111111', '6d53551c-2c84-45ba-bac7-518d2bf81287', 'EXP26050001', '2026-05-05', 'reimbursement', 'paid', 'ค่าอาหารทีมงาน Workshop', 8700.00, NULL, 0.00, '522603', NULL, '{}', NULL, NULL, NULL, NULL, false, NULL, 'b31dbffc-0fd4-42fe-8ae5-a960de5b328d', '2026-05-11 17:21:22.736711+07', '2026-05-11 17:21:22.736711+07');
INSERT INTO public.expenses VALUES ('b4e160ac-5a2f-4857-836f-f6873ffa2811', '11111111-1111-1111-1111-111111111111', '6d53551c-2c84-45ba-bac7-518d2bf81287', 'EXP26050002', '2026-05-06', 'reimbursement', 'approved', 'ค่าขนส่งอุปกรณ์ Phuket', 35000.00, NULL, 0.00, '522701', NULL, '{}', NULL, NULL, NULL, NULL, false, NULL, 'd0b32103-3b47-45cc-8aa9-5e7030cf226a', '2026-05-11 17:21:22.736711+07', '2026-05-11 17:21:22.736711+07');
INSERT INTO public.expenses VALUES ('0c5a4c44-99cd-45ff-81fc-5f68d0e66f46', '11111111-1111-1111-1111-111111111111', '6d53551c-2c84-45ba-bac7-518d2bf81287', 'EXP26050003', '2026-05-09', 'reimbursement', 'pending_manager', 'ค่าที่พัก ภูเก็ต 2 คืน', 12500.00, NULL, 0.00, '522602', NULL, '{}', NULL, NULL, NULL, NULL, false, NULL, 'ebee042c-0b67-4061-8ae0-6755b8549575', '2026-05-11 17:21:22.736711+07', '2026-05-11 17:21:22.736711+07');
INSERT INTO public.expenses VALUES ('be85c2d5-ee4f-43cb-9a59-7f7684c07cfe', '11111111-1111-1111-1111-111111111111', 'de7b0847-7026-4447-b7b8-1cf0b983d44b', 'EXP26050004', '2026-05-10', 'reimbursement', 'pending_finance', 'ค่าน้ำมันเดินทาง Rayong-Bangkok', 2800.00, NULL, 0.00, '522701', NULL, '{}', NULL, NULL, NULL, NULL, false, NULL, '95742447-39bf-46eb-8eea-ed16a808e164', '2026-05-11 17:21:22.736711+07', '2026-05-11 17:21:22.736711+07');
INSERT INTO public.expenses VALUES ('324071b7-1dcf-4009-a005-229e995be6cd', '11111111-1111-1111-1111-111111111111', NULL, 'EXP26050005', '2026-05-11', 'reimbursement', 'draft', 'ค่าเครื่องเขียนสำนักงาน', 1250.00, NULL, 0.00, '522709', NULL, '{}', NULL, NULL, NULL, NULL, false, NULL, '95742447-39bf-46eb-8eea-ed16a808e164', '2026-05-11 17:21:22.736711+07', '2026-05-11 17:21:22.736711+07');
INSERT INTO public.expenses VALUES ('48e5684c-1d2a-434a-9354-63b232260126', '11111111-1111-1111-1111-111111111111', 'a3e5075c-0484-4631-b718-9af934802de1', 'ADV26050001', '2026-05-07', 'advance', 'pending_executive', 'เงินทดรองจ่าย - เดินทาง Chonburi', 20000.00, NULL, 0.00, '113103', NULL, '{}', NULL, NULL, NULL, NULL, false, NULL, '1d57e25a-e741-4cc7-aa88-55276aba0df8', '2026-05-11 17:21:22.736711+07', '2026-05-11 17:21:22.736711+07');
INSERT INTO public.expenses VALUES ('d70408b7-ca49-46bf-8df7-f6bc9f069fdc', '11111111-1111-1111-1111-111111111111', '6d53551c-2c84-45ba-bac7-518d2bf81287', 'EXP26040015', '2026-04-28', 'reimbursement', 'sent_to_sap', 'ค่าวัสดุทดสอบ Calibration', 15400.00, NULL, 0.00, '522709', NULL, '{}', NULL, NULL, NULL, NULL, false, NULL, 'ebee042c-0b67-4061-8ae0-6755b8549575', '2026-05-11 17:21:22.736711+07', '2026-05-11 17:21:22.736711+07');
INSERT INTO public.expenses VALUES ('6ae88230-08c9-42d8-865a-995d28479a55', '11111111-1111-1111-1111-111111111111', 'a3e5075c-0484-4631-b718-9af934802de1', 'ADV26040003', '2026-04-25', 'advance_clear', 'sent_to_sap', 'เคลียร์เงินทดรอง - งาน Chonburi', 18200.00, NULL, 0.00, '113103', NULL, '{}', NULL, NULL, NULL, NULL, false, NULL, '1d57e25a-e741-4cc7-aa88-55276aba0df8', '2026-05-11 17:21:22.736711+07', '2026-05-11 17:21:22.736711+07');
INSERT INTO public.expenses VALUES ('3f7e8c7b-5dc0-400e-9bf0-0b2223542c6a', '11111111-1111-1111-1111-111111111111', 'c96cc3ca-23d9-40ca-a9d4-217f701767bb', 'EXP26040010', '2026-04-10', 'reimbursement', 'sent_to_sap', 'ค่าเช่ารถเครน ติดตั้งกล้อง', 45000.00, NULL, 0.00, '522601', NULL, '{}', NULL, NULL, NULL, NULL, false, NULL, '1d57e25a-e741-4cc7-aa88-55276aba0df8', '2026-05-11 17:21:23.433908+07', '2026-05-11 17:21:23.433908+07');
INSERT INTO public.expenses VALUES ('27757e6f-3544-4b4b-9f0e-4506a4fc8480', '11111111-1111-1111-1111-111111111111', 'c96cc3ca-23d9-40ca-a9d4-217f701767bb', 'EXP26040011', '2026-04-15', 'reimbursement', 'sent_to_sap', 'ค่าที่พักแหลมฉบัง 5 คืน', 25000.00, NULL, 0.00, '522602', NULL, '{}', NULL, NULL, NULL, NULL, false, NULL, 'b31dbffc-0fd4-42fe-8ae5-a960de5b328d', '2026-05-11 17:21:23.433908+07', '2026-05-11 17:21:23.433908+07');
INSERT INTO public.expenses VALUES ('80288e4b-6962-4f64-9eb7-eddf45d7ab26', '11111111-1111-1111-1111-111111111111', '586d4de6-73eb-469d-92d2-7546654ff0dd', 'EXP26050006', '2026-05-05', 'reimbursement', 'approved', 'ค่าเรือข้ามฟาก สุราษฎร์', 3500.00, NULL, 0.00, '522601', NULL, '{}', NULL, NULL, NULL, NULL, false, NULL, 'd0b32103-3b47-45cc-8aa9-5e7030cf226a', '2026-05-11 17:21:23.433908+07', '2026-05-11 17:21:23.433908+07');
INSERT INTO public.expenses VALUES ('47e5ef28-c005-4acc-8a37-f2b4e2cd108d', '11111111-1111-1111-1111-111111111111', '586d4de6-73eb-469d-92d2-7546654ff0dd', 'EXP26050007', '2026-05-06', 'reimbursement', 'approved', 'ค่าอาหาร ทีมงาน 3 คน 2 วัน', 4800.00, NULL, 0.00, '522603', NULL, '{}', NULL, NULL, NULL, NULL, false, NULL, 'ebee042c-0b67-4061-8ae0-6755b8549575', '2026-05-11 17:21:23.433908+07', '2026-05-11 17:21:23.433908+07');
INSERT INTO public.expenses VALUES ('5242d514-77ee-4be7-b9fc-a758e1c1f296', '11111111-1111-1111-1111-111111111111', 'b1414314-c8cb-4184-98ac-baebae84a764', 'EXP26050008', '2026-05-08', 'reimbursement', 'pending_manager', 'ค่าขนส่งอุปกรณ์ Weather Station', 18500.00, NULL, 0.00, '522701', NULL, '{}', NULL, NULL, NULL, NULL, false, NULL, 'b31dbffc-0fd4-42fe-8ae5-a960de5b328d', '2026-05-11 17:21:23.433908+07', '2026-05-11 17:21:23.433908+07');
INSERT INTO public.expenses VALUES ('666f7767-63b2-4060-9fcf-4c44e9e4e099', '11111111-1111-1111-1111-111111111111', '5a190f8c-e256-498a-bb0f-4705b960dced', 'EXP26050009', '2026-05-09', 'reimbursement', 'pending_manager', 'ค่าเช่าเรือสำรวจ Map Ta Phut', 35000.00, NULL, 0.00, '522601', NULL, '{}', NULL, NULL, NULL, NULL, false, NULL, 'd0b32103-3b47-45cc-8aa9-5e7030cf226a', '2026-05-11 17:21:23.433908+07', '2026-05-11 17:21:23.433908+07');
INSERT INTO public.expenses VALUES ('b456d724-15ec-4ba9-ae43-31b6c6c53a7f', '11111111-1111-1111-1111-111111111111', 'c96cc3ca-23d9-40ca-a9d4-217f701767bb', 'EXP26050010', '2026-05-10', 'reimbursement', 'pending_finance', 'ค่า Software License CCTV', 85000.00, NULL, 0.00, '522709', NULL, '{}', NULL, NULL, NULL, NULL, false, NULL, '24d99416-9114-405c-ac4d-97707f282c5c', '2026-05-11 17:21:23.433908+07', '2026-05-11 17:21:23.433908+07');
INSERT INTO public.expenses VALUES ('578ac39f-db1c-40c4-a9c9-287d290cb761', '11111111-1111-1111-1111-111111111111', '5a190f8c-e256-498a-bb0f-4705b960dced', 'ADV26050002', '2026-05-10', 'advance', 'pending_executive', 'เบิกล่วงหน้า สำรวจ VTS มาบตาพุด', 50000.00, NULL, 0.00, '113103', NULL, '{}', NULL, NULL, NULL, NULL, false, NULL, 'd0b32103-3b47-45cc-8aa9-5e7030cf226a', '2026-05-11 17:21:23.433908+07', '2026-05-11 17:21:23.433908+07');
INSERT INTO public.expenses VALUES ('ae70791e-382b-4d74-bd53-6edf35a7dacb', '11111111-1111-1111-1111-111111111111', 'b1414314-c8cb-4184-98ac-baebae84a764', 'ADV26050003', '2026-05-11', 'advance', 'pending_manager', 'เงินทดรอง เดินทาง Chumphon', 15000.00, NULL, 0.00, '113103', NULL, '{}', NULL, NULL, NULL, NULL, false, NULL, '95742447-39bf-46eb-8eea-ed16a808e164', '2026-05-11 17:21:23.433908+07', '2026-05-11 17:21:23.433908+07');
INSERT INTO public.expenses VALUES ('23e4b516-b824-4356-8079-e523cd164dbc', '11111111-1111-1111-1111-111111111111', NULL, 'EXP26050011', '2026-05-11', 'reimbursement', 'draft', 'ค่าซ่อมเครื่องพิมพ์', 2800.00, NULL, 0.00, '522709', NULL, '{}', NULL, NULL, NULL, NULL, false, NULL, 'e2f86c40-6851-4068-9754-79985bdc7576', '2026-05-11 17:21:23.433908+07', '2026-05-11 17:21:23.433908+07');
INSERT INTO public.expenses VALUES ('a4ea1d3c-afcd-45a6-b634-02f05889a8d8', '11111111-1111-1111-1111-111111111111', 'd8838034-b3f2-4781-83df-4f5f00a41061', 'EXP26030005', '2026-03-15', 'reimbursement', 'sent_to_sap', 'ค่าอะไหล่ Echo Sounder', 42000.00, NULL, 0.00, '511120', NULL, '{}', NULL, NULL, NULL, NULL, false, NULL, 'b31dbffc-0fd4-42fe-8ae5-a960de5b328d', '2026-05-11 17:21:23.433908+07', '2026-05-11 17:21:23.433908+07');
INSERT INTO public.expenses VALUES ('882c9d0e-7dda-49a5-a718-1780f3777450', '11111111-1111-1111-1111-111111111111', 'aa52a2af-0912-4d3b-9de7-41f4dcc99fb0', 'EXP26020008', '2026-02-10', 'reimbursement', 'sent_to_sap', 'ค่าเปลี่ยน Gyro Sensor', 185000.00, NULL, 0.00, '511120', NULL, '{}', NULL, NULL, NULL, NULL, false, NULL, '1d57e25a-e741-4cc7-aa88-55276aba0df8', '2026-05-11 17:21:23.433908+07', '2026-05-11 17:21:23.433908+07');
INSERT INTO public.expenses VALUES ('dcf0bc34-55ab-4a43-b085-6e383f3a45b9', '11111111-1111-1111-1111-111111111111', NULL, 'EXP26050012', '2026-05-12', 'reimbursement', 'draft', '', 0.00, 'No', 0.00, '', NULL, '{}', NULL, NULL, NULL, NULL, false, NULL, '5959a486-ba8f-4416-95a0-9dcb6eb54745', '2026-05-12 11:00:02.985984+07', '2026-05-12 11:00:02.985984+07');
INSERT INTO public.expenses VALUES ('26aabdf3-436b-401f-8ba8-20d86767dd43', '11111111-1111-1111-1111-111111111111', 'e467ad24-f938-4728-a219-7d61c1dc0823', 'EXP26030010', '2026-03-08', 'reimbursement', 'paid', 'Site survey transportation', 3500.00, NULL, 0.00, '522701', NULL, '{}', NULL, NULL, NULL, NULL, false, NULL, 'ebee042c-0b67-4061-8ae0-6755b8549575', '2026-05-27 13:34:30.01174+07', '2026-05-27 13:34:30.01174+07');
INSERT INTO public.expenses VALUES ('2d8c98fb-8de5-45c8-8da7-53304de10b73', '11111111-1111-1111-1111-111111111111', 'e467ad24-f938-4728-a219-7d61c1dc0823', 'EXP26030011', '2026-03-12', 'reimbursement', 'paid', 'Team lunch site visit', 2800.00, NULL, 0.00, '522603', NULL, '{}', NULL, NULL, NULL, NULL, false, NULL, 'ebee042c-0b67-4061-8ae0-6755b8549575', '2026-05-27 13:34:30.020499+07', '2026-05-27 13:34:30.020499+07');
INSERT INTO public.expenses VALUES ('45307e63-11c1-46d2-9165-6e34b05d5b87', '11111111-1111-1111-1111-111111111111', 'e467ad24-f938-4728-a219-7d61c1dc0823', 'EXP26040008', '2026-04-10', 'reimbursement', 'approved', 'Hotel Bangkok 2 nights', 5600.00, NULL, 0.00, '522602', NULL, '{}', NULL, NULL, NULL, NULL, false, NULL, 'ebee042c-0b67-4061-8ae0-6755b8549575', '2026-05-27 13:34:30.021015+07', '2026-05-27 13:34:30.021015+07');
INSERT INTO public.expenses VALUES ('9b296d57-d325-4e0b-baea-63251fecf78a', '11111111-1111-1111-1111-111111111111', 'e467ad24-f938-4728-a219-7d61c1dc0823', 'EXP26040009', '2026-04-15', 'reimbursement', 'approved', 'Taxi to client office', 850.00, NULL, 0.00, '522701', NULL, '{}', NULL, NULL, NULL, NULL, false, NULL, 'ebee042c-0b67-4061-8ae0-6755b8549575', '2026-05-27 13:34:30.022025+07', '2026-05-27 13:34:30.022025+07');
INSERT INTO public.expenses VALUES ('92d7890d-d1ce-4c75-9892-7ec7bff00368', '11111111-1111-1111-1111-111111111111', 'e467ad24-f938-4728-a219-7d61c1dc0823', 'ADV26040005', '2026-04-01', 'advance', 'approved', 'Advance for Bangkok trip', 20000.00, NULL, 0.00, '113103', NULL, '{}', NULL, NULL, NULL, NULL, false, NULL, 'ebee042c-0b67-4061-8ae0-6755b8549575', '2026-05-27 13:34:30.038436+07', '2026-05-27 13:34:30.038436+07');
INSERT INTO public.expenses VALUES ('d07f19b3-0198-409a-8ac6-c1d7b885e6f6', '11111111-1111-1111-1111-111111111111', 'e467ad24-f938-4728-a219-7d61c1dc0823', 'ADV26040006', '2026-04-20', 'advance_clear', 'approved', 'Clear advance Bangkok trip', 18500.00, NULL, 0.00, '113103', NULL, '{}', NULL, NULL, NULL, NULL, false, NULL, 'ebee042c-0b67-4061-8ae0-6755b8549575', '2026-05-27 13:34:30.044144+07', '2026-05-27 13:34:30.044144+07');


--
-- Data for Name: vehicles; Type: TABLE DATA; Schema: public; Owner: -
--

INSERT INTO public.vehicles VALUES ('ee816762-8b01-4952-8669-1cadf4da1b0e', '11111111-1111-1111-1111-111111111111', 'กก-1234 กทม', 'Toyota Hilux Revo', 'Pickup', 5, 'available', 45230.0, NULL, NULL, NULL, '2026-05-11 16:13:13.724307+07', '2026-05-11 16:13:13.724307+07');
INSERT INTO public.vehicles VALUES ('268c7a93-feda-4bd4-91c3-6df0b5c441eb', '11111111-1111-1111-1111-111111111111', 'ขข-5678 กทม', 'Toyota Commuter', 'Van', 12, 'in_use', 68100.0, NULL, NULL, NULL, '2026-05-11 16:13:13.724307+07', '2026-05-11 16:13:13.724307+07');
INSERT INTO public.vehicles VALUES ('92d8de61-8fc3-4824-9bfb-58e6acd1a9d2', '11111111-1111-1111-1111-111111111111', 'คค-9012 กทม', 'Honda City', 'Sedan', 5, 'maintenance', 32400.0, NULL, NULL, NULL, '2026-05-11 16:13:13.724307+07', '2026-05-11 16:13:13.724307+07');


--
-- Data for Name: vehicle_bookings; Type: TABLE DATA; Schema: public; Owner: -
--

INSERT INTO public.vehicle_bookings VALUES ('f1838e6d-9cf8-4b4e-b257-ea7250319b42', 'ee816762-8b01-4952-8669-1cadf4da1b0e', '6d53551c-2c84-45ba-bac7-518d2bf81287', NULL, 'checked_in', '2026-05-05', '2026-05-07', 'Site visit Phuket harbor', 'Jathuthep, Sirikwan', 44380.0, 45230.0, NULL, NULL, NULL, NULL, NULL, '1d57e25a-e741-4cc7-aa88-55276aba0df8', NULL, '2026-05-11 17:21:23.433908+07', '2026-05-11 17:21:23.433908+07');
INSERT INTO public.vehicle_bookings VALUES ('466affe8-d9d2-4a69-bda6-481af1eb4f4d', '268c7a93-feda-4bd4-91c3-6df0b5c441eb', 'de7b0847-7026-4447-b7b8-1cf0b983d44b', NULL, 'checked_in', '2026-04-20', '2026-04-23', 'Sonar installation Rayong', 'Winit, Phuchong, Noppamas, Sirikwan', 66800.0, 67600.0, NULL, NULL, NULL, NULL, NULL, 'b31dbffc-0fd4-42fe-8ae5-a960de5b328d', NULL, '2026-05-11 17:21:23.433908+07', '2026-05-11 17:21:23.433908+07');
INSERT INTO public.vehicle_bookings VALUES ('c07698a9-f0b8-455d-a1e9-3e0950e51873', '92d8de61-8fc3-4824-9bfb-58e6acd1a9d2', '10e762e9-bdc9-41d7-9756-0d0ed4cbdfc4', NULL, 'checked_in', '2026-04-28', '2026-04-28', 'Delivery Samut Prakan', 'Noppamas', 32100.0, 32250.0, NULL, NULL, NULL, NULL, NULL, '95742447-39bf-46eb-8eea-ed16a808e164', NULL, '2026-05-11 17:21:23.433908+07', '2026-05-11 17:21:23.433908+07');
INSERT INTO public.vehicle_bookings VALUES ('6bbffab9-24c1-462b-a817-37ef9c13545c', '268c7a93-feda-4bd4-91c3-6df0b5c441eb', 'de7b0847-7026-4447-b7b8-1cf0b983d44b', NULL, 'checked_out', '2026-05-09', '2026-05-12', 'Sonar testing Rayong', 'Phuchong, Sirikwan, Noppamas + 3 technicians', 67600.0, NULL, NULL, NULL, NULL, NULL, NULL, 'd0b32103-3b47-45cc-8aa9-5e7030cf226a', NULL, '2026-05-11 17:21:23.433908+07', '2026-05-11 17:21:23.433908+07');
INSERT INTO public.vehicle_bookings VALUES ('cc867473-6c9a-4a06-8f6d-8444573028d8', 'ee816762-8b01-4952-8669-1cadf4da1b0e', 'a3e5075c-0484-4631-b718-9af934802de1', NULL, 'approved', '2026-05-15', '2026-05-17', 'Chonburi survey', 'Winit, Noppamas', NULL, NULL, NULL, NULL, NULL, NULL, NULL, 'b31dbffc-0fd4-42fe-8ae5-a960de5b328d', NULL, '2026-05-11 17:21:23.433908+07', '2026-05-11 17:21:23.433908+07');
INSERT INTO public.vehicle_bookings VALUES ('6042a08c-dbf0-485e-849b-be4a16fd97ec', '92d8de61-8fc3-4824-9bfb-58e6acd1a9d2', 'e467ad24-f938-4728-a219-7d61c1dc0823', NULL, 'pending', '2026-05-15', '2026-05-17', 'Bangkok delivery', 'Sirikwan', NULL, NULL, NULL, NULL, NULL, NULL, NULL, 'ebee042c-0b67-4061-8ae0-6755b8549575', NULL, '2026-05-11 17:21:23.433908+07', '2026-05-11 17:21:23.433908+07');
INSERT INTO public.vehicle_bookings VALUES ('92d333a6-83eb-420f-930b-ace05c141bc6', 'ee816762-8b01-4952-8669-1cadf4da1b0e', '6d53551c-2c84-45ba-bac7-518d2bf81287', NULL, 'pending', '2026-05-02', '2026-05-03', '', '', NULL, NULL, NULL, NULL, NULL, NULL, NULL, '5959a486-ba8f-4416-95a0-9dcb6eb54745', NULL, '2026-05-12 11:51:16.997718+07', '2026-05-12 11:51:16.997718+07');
INSERT INTO public.vehicle_bookings VALUES ('0613670f-6fbf-4ac6-9e8a-cf66695b584d', '268c7a93-feda-4bd4-91c3-6df0b5c441eb', 'b1414314-c8cb-4184-98ac-baebae84a764', '7b073e31-e3f7-4ace-973f-97b02f0075b1', 'approved', '2026-05-20', '2026-05-22', 'Weather station setup Chumphon', 'Winit, Noppamas, Phuchong', NULL, NULL, NULL, NULL, NULL, NULL, NULL, 'b31dbffc-0fd4-42fe-8ae5-a960de5b328d', NULL, '2026-05-11 17:21:23.433908+07', '2026-05-12 14:09:55.372679+07');
INSERT INTO public.vehicle_bookings VALUES ('e1e2bcac-253c-4554-931c-938920aa6444', 'ee816762-8b01-4952-8669-1cadf4da1b0e', '586d4de6-73eb-469d-92d2-7546654ff0dd', 'e2dac2fc-ecc5-40b3-9d77-5de31bc02740', 'pending', '2026-05-25', '2026-05-27', 'AIS install Surat Thani', 'Phuchong, Sirikwan', NULL, NULL, NULL, NULL, NULL, NULL, NULL, 'd0b32103-3b47-45cc-8aa9-5e7030cf226a', NULL, '2026-05-11 17:21:23.433908+07', '2026-05-12 14:09:55.372679+07');
INSERT INTO public.vehicle_bookings VALUES ('df9a8547-3f6b-4f60-92b0-874a7d06d6b8', '92d8de61-8fc3-4824-9bfb-58e6acd1a9d2', 'e467ad24-f938-4728-a219-7d61c1dc0823', NULL, 'checked_in', '2026-03-05', '2026-03-07', 'Survey site Bangkok - Radar location', '2', 45200.0, 45380.0, NULL, NULL, NULL, NULL, NULL, 'd0b32103-3b47-45cc-8aa9-5e7030cf226a', NULL, '2026-05-27 12:31:53.061689+07', '2026-05-27 12:31:53.061689+07');
INSERT INTO public.vehicle_bookings VALUES ('7a2e72b3-1074-4387-aa69-babb9b2eddfb', '92d8de61-8fc3-4824-9bfb-58e6acd1a9d2', 'e467ad24-f938-4728-a219-7d61c1dc0823', NULL, 'checked_in', '2026-04-10', '2026-04-12', 'Client meeting - progress review', '3', 45800.0, 45950.0, NULL, NULL, NULL, NULL, NULL, 'ebee042c-0b67-4061-8ae0-6755b8549575', NULL, '2026-05-27 12:31:53.117989+07', '2026-05-27 12:31:53.117989+07');
INSERT INTO public.vehicle_bookings VALUES ('97c0fe35-4776-4ef2-9233-d8cc4690173a', '92d8de61-8fc3-4824-9bfb-58e6acd1a9d2', 'e467ad24-f938-4728-a219-7d61c1dc0823', NULL, 'checked_in', '2026-05-20', '2026-05-22', 'Equipment delivery check', '2', 46300.0, 46420.0, NULL, NULL, NULL, NULL, NULL, 'd0b32103-3b47-45cc-8aa9-5e7030cf226a', NULL, '2026-05-27 12:31:53.11908+07', '2026-05-27 12:31:53.11908+07');
INSERT INTO public.vehicle_bookings VALUES ('619240ff-d196-4bb2-af22-ded3a4b54c47', 'ee816762-8b01-4952-8669-1cadf4da1b0e', 'e467ad24-f938-4728-a219-7d61c1dc0823', NULL, 'checked_in', '2026-03-15', '2026-03-20', 'Transport old radar to warehouse', '2', 78500.0, 79100.0, NULL, NULL, NULL, NULL, NULL, 'b31dbffc-0fd4-42fe-8ae5-a960de5b328d', NULL, '2026-05-27 12:31:53.120068+07', '2026-05-27 12:31:53.120068+07');
INSERT INTO public.vehicle_bookings VALUES ('6b8e8b01-a235-4ed1-947b-43b319040c63', 'ee816762-8b01-4952-8669-1cadf4da1b0e', 'e467ad24-f938-4728-a219-7d61c1dc0823', NULL, 'checked_in', '2026-04-01', '2026-04-05', 'Deliver new radar base station', '2', 79100.0, 79650.0, NULL, NULL, NULL, NULL, NULL, 'd0b32103-3b47-45cc-8aa9-5e7030cf226a', NULL, '2026-05-27 12:31:53.120656+07', '2026-05-27 12:31:53.120656+07');
INSERT INTO public.vehicle_bookings VALUES ('71366a75-71c7-4c77-bdd5-ad12ed27f3d1', 'ee816762-8b01-4952-8669-1cadf4da1b0e', 'e467ad24-f938-4728-a219-7d61c1dc0823', NULL, 'checked_in', '2026-04-20', '2026-04-25', 'Transport cables and antenna', '3', 79800.0, 80400.0, NULL, NULL, NULL, NULL, NULL, 'ebee042c-0b67-4061-8ae0-6755b8549575', NULL, '2026-05-27 12:31:53.121175+07', '2026-05-27 12:31:53.121175+07');
INSERT INTO public.vehicle_bookings VALUES ('b719af37-d6ff-4a9e-ae75-3252d74e20ae', 'ee816762-8b01-4952-8669-1cadf4da1b0e', 'e467ad24-f938-4728-a219-7d61c1dc0823', NULL, 'checked_in', '2026-05-10', '2026-05-16', 'Move installation tools', '2', 80500.0, 81200.0, NULL, NULL, NULL, NULL, NULL, 'b31dbffc-0fd4-42fe-8ae5-a960de5b328d', NULL, '2026-05-27 12:31:53.121937+07', '2026-05-27 12:31:53.121937+07');
INSERT INTO public.vehicle_bookings VALUES ('c5a6ed02-4207-4085-aa1a-2016bd910e42', 'ee816762-8b01-4952-8669-1cadf4da1b0e', 'e467ad24-f938-4728-a219-7d61c1dc0823', NULL, 'checked_out', '2026-05-25', '2026-05-30', 'On-site installation support', '4', 81300.0, NULL, NULL, NULL, NULL, NULL, NULL, 'd0b32103-3b47-45cc-8aa9-5e7030cf226a', NULL, '2026-05-27 12:31:53.122699+07', '2026-05-27 12:31:53.122699+07');
INSERT INTO public.vehicle_bookings VALUES ('73986438-e11a-457e-93e2-c01515bcfa39', '268c7a93-feda-4bd4-91c3-6df0b5c441eb', 'e467ad24-f938-4728-a219-7d61c1dc0823', NULL, 'checked_in', '2026-03-10', '2026-03-12', 'Team site visit 5 people', '5', 32000.0, 32450.0, NULL, NULL, NULL, NULL, NULL, '1d57e25a-e741-4cc7-aa88-55276aba0df8', NULL, '2026-05-27 12:31:53.123374+07', '2026-05-27 12:31:53.123374+07');
INSERT INTO public.vehicle_bookings VALUES ('31373135-06b1-4e87-b0f0-0183939d0c5e', '268c7a93-feda-4bd4-91c3-6df0b5c441eb', 'e467ad24-f938-4728-a219-7d61c1dc0823', NULL, 'checked_in', '2026-04-15', '2026-04-18', 'Team training at client 8 people', '8', 32800.0, 33350.0, NULL, NULL, NULL, NULL, NULL, '1d57e25a-e741-4cc7-aa88-55276aba0df8', NULL, '2026-05-27 12:31:53.123975+07', '2026-05-27 12:31:53.123975+07');
INSERT INTO public.vehicle_bookings VALUES ('e4f96da5-7d71-4456-b25c-3e38973286d2', '268c7a93-feda-4bd4-91c3-6df0b5c441eb', 'e467ad24-f938-4728-a219-7d61c1dc0823', NULL, 'checked_in', '2026-05-05', '2026-05-08', 'Commissioning team 6 people', '6', 33500.0, 33900.0, NULL, NULL, NULL, NULL, NULL, 'b31dbffc-0fd4-42fe-8ae5-a960de5b328d', NULL, '2026-05-27 12:31:53.12462+07', '2026-05-27 12:31:53.12462+07');
INSERT INTO public.vehicle_bookings VALUES ('50b0af46-afa8-4238-98b7-e0be4809378b', '92d8de61-8fc3-4824-9bfb-58e6acd1a9d2', 'e467ad24-f938-4728-a219-7d61c1dc0823', NULL, 'approved', '2026-06-01', '2026-06-03', 'Final inspection meeting', '3', NULL, NULL, NULL, NULL, NULL, NULL, NULL, 'd0b32103-3b47-45cc-8aa9-5e7030cf226a', NULL, '2026-05-27 12:31:53.125218+07', '2026-05-27 12:31:53.125218+07');
INSERT INTO public.vehicle_bookings VALUES ('e64a13ed-17f0-45c5-a92e-6347266ec91a', 'ee816762-8b01-4952-8669-1cadf4da1b0e', 'e467ad24-f938-4728-a219-7d61c1dc0823', NULL, 'approved', '2026-06-10', '2026-06-15', 'Equipment removal', '2', NULL, NULL, NULL, NULL, NULL, NULL, NULL, 'b31dbffc-0fd4-42fe-8ae5-a960de5b328d', NULL, '2026-05-27 12:31:53.12581+07', '2026-05-27 12:31:53.12581+07');
INSERT INTO public.vehicle_bookings VALUES ('55f843b7-9176-4457-9693-28e654e19bb7', 'ee816762-8b01-4952-8669-1cadf4da1b0e', 'c96cc3ca-23d9-40ca-a9d4-217f701767bb', NULL, 'checked_in', '2026-05-18', '2026-05-20', 'Site visit for CCTV Monitoring Port - Laem Ch', NULL, NULL, NULL, NULL, NULL, NULL, NULL, NULL, 'd0b32103-3b47-45cc-8aa9-5e7030cf226a', NULL, '2026-05-28 16:07:49.776242+07', '2026-05-28 16:07:49.776242+07');
INSERT INTO public.vehicle_bookings VALUES ('dfbb6fcb-e481-46d5-9c28-e91a9fba881c', '92d8de61-8fc3-4824-9bfb-58e6acd1a9d2', '5e9c047f-a845-48d6-a2e5-dc1e5fdb323d', NULL, 'checked_in', '2026-05-18', '2026-05-20', 'Site visit for Radio Communication Upgrade - ', NULL, NULL, NULL, NULL, NULL, NULL, NULL, NULL, '95742447-39bf-46eb-8eea-ed16a808e164', NULL, '2026-05-28 16:07:49.780278+07', '2026-05-28 16:07:49.780278+07');
INSERT INTO public.vehicle_bookings VALUES ('2114d3fd-43f2-4d9c-8bc4-c504b5bc83dc', '268c7a93-feda-4bd4-91c3-6df0b5c441eb', 'd8838034-b3f2-4781-83df-4f5f00a41061', NULL, 'checked_in', '2026-05-18', '2026-05-20', 'Site visit for Echo Sounder Maintenance - Son', NULL, NULL, NULL, NULL, NULL, NULL, NULL, NULL, 'd0b32103-3b47-45cc-8aa9-5e7030cf226a', NULL, '2026-05-28 16:07:49.784105+07', '2026-05-28 16:07:49.784105+07');
INSERT INTO public.vehicle_bookings VALUES ('a8c8ccbe-58c9-45b0-841d-008460110bde', 'ee816762-8b01-4952-8669-1cadf4da1b0e', '5a190f8c-e256-498a-bb0f-4705b960dced', NULL, 'checked_in', '2026-05-18', '2026-05-20', 'Site visit for VTS System - Map Ta Phut', NULL, NULL, NULL, NULL, NULL, NULL, NULL, NULL, 'b31dbffc-0fd4-42fe-8ae5-a960de5b328d', NULL, '2026-05-28 16:07:49.785738+07', '2026-05-28 16:07:49.785738+07');
INSERT INTO public.vehicle_bookings VALUES ('7d4efbc6-489e-48de-87bc-910df6e87f56', '268c7a93-feda-4bd4-91c3-6df0b5c441eb', 'aa52a2af-0912-4d3b-9de7-41f4dcc99fb0', NULL, 'checked_in', '2026-05-18', '2026-05-20', 'Site visit for Gyro Compass Replacement - Fer', NULL, NULL, NULL, NULL, NULL, NULL, NULL, NULL, '1d57e25a-e741-4cc7-aa88-55276aba0df8', NULL, '2026-05-28 16:07:49.78807+07', '2026-05-28 16:07:49.78807+07');


--
-- Data for Name: travel_requests; Type: TABLE DATA; Schema: public; Owner: -
--

INSERT INTO public.travel_requests VALUES ('0d44beb5-a1e3-47dd-843c-3e89e76a1c76', '11111111-1111-1111-1111-111111111111', 'a3e5075c-0484-4631-b718-9af934802de1', 'TRV26050002', 'ชลบุรี', 'Satcom Equipment Delivery & Setup', '2026-05-20', '2026-05-21', 'pending_executive', 120000.00, 50000.00, NULL, NULL, false, '1d57e25a-e741-4cc7-aa88-55276aba0df8', '1d57e25a-e741-4cc7-aa88-55276aba0df8', '2026-05-11 17:21:23.433908+07', '2026-05-11 17:21:23.433908+07');
INSERT INTO public.travel_requests VALUES ('0d05f31d-c350-4476-b968-d25e879a2ef9', '11111111-1111-1111-1111-111111111111', 'de7b0847-7026-4447-b7b8-1cf0b983d44b', 'TRV26050003', 'ระยอง', 'Sonar System Testing', '2026-05-05', '2026-05-07', 'completed', 18200.00, 0.00, NULL, NULL, false, 'b31dbffc-0fd4-42fe-8ae5-a960de5b328d', 'b31dbffc-0fd4-42fe-8ae5-a960de5b328d', '2026-05-11 17:21:23.433908+07', '2026-05-11 17:21:23.433908+07');
INSERT INTO public.travel_requests VALUES ('e2dac2fc-ecc5-40b3-9d77-5de31bc02740', '11111111-1111-1111-1111-111111111111', '586d4de6-73eb-469d-92d2-7546654ff0dd', 'TRV26050005', 'สุราษฎร์ธานี', 'AIS Repeater ติดตั้งจุดที่ 3', '2026-05-25', '2026-05-27', 'draft', 28000.00, 10000.00, NULL, 'e1e2bcac-253c-4554-931c-938920aa6444', false, 'd0b32103-3b47-45cc-8aa9-5e7030cf226a', 'd0b32103-3b47-45cc-8aa9-5e7030cf226a', '2026-05-11 17:21:23.433908+07', '2026-05-12 14:09:55.372679+07');
INSERT INTO public.travel_requests VALUES ('45f3b2c0-94b2-4e1b-b895-3920cd94bacf', '11111111-1111-1111-1111-111111111111', '6d53551c-2c84-45ba-bac7-518d2bf81287', 'TRV26050001', 'ภูเก็ต', 'Site Survey & Installation ระบบนำร่อง', '2026-05-15', '2026-05-17', 'approved', 35000.00, 20000.00, '48e5684c-1d2a-434a-9354-63b232260126', 'cc867473-6c9a-4a06-8f6d-8444573028d8', false, 'd0b32103-3b47-45cc-8aa9-5e7030cf226a', 'd0b32103-3b47-45cc-8aa9-5e7030cf226a', '2026-05-11 17:21:23.433908+07', '2026-05-12 14:09:55.372679+07');
INSERT INTO public.travel_requests VALUES ('bdda77fc-b311-4377-bb24-fb18598ce5da', '11111111-1111-1111-1111-111111111111', '5a190f8c-e256-498a-bb0f-4705b960dced', 'TRV26050006', 'มาบตาพุด', 'VTS Site Survey', '2026-05-28', '2026-05-30', 'pending_manager', 55000.00, 30000.00, '578ac39f-db1c-40c4-a9c9-287d290cb761', NULL, false, 'd0b32103-3b47-45cc-8aa9-5e7030cf226a', 'd0b32103-3b47-45cc-8aa9-5e7030cf226a', '2026-05-11 17:21:23.433908+07', '2026-05-12 14:09:55.372679+07');
INSERT INTO public.travel_requests VALUES ('7b073e31-e3f7-4ace-973f-97b02f0075b1', '11111111-1111-1111-1111-111111111111', 'b1414314-c8cb-4184-98ac-baebae84a764', 'TRV26050004', 'ชุมพร', 'Weather Station Installation', '2026-05-20', '2026-05-22', 'pending_manager', 45000.00, 15000.00, 'ae70791e-382b-4d74-bd53-6edf35a7dacb', '0613670f-6fbf-4ac6-9e8a-cf66695b584d', false, 'b31dbffc-0fd4-42fe-8ae5-a960de5b328d', 'b31dbffc-0fd4-42fe-8ae5-a960de5b328d', '2026-05-11 17:21:23.433908+07', '2026-05-12 14:09:55.372679+07');
INSERT INTO public.travel_requests VALUES ('5893f021-6ff6-4d44-873d-87e2971b04a5', '11111111-1111-1111-1111-111111111111', 'e467ad24-f938-4728-a219-7d61c1dc0823', 'TRV26030002', 'Bangkok - Radar Site Survey', 'Initial site assessment', '2026-03-10', '2026-03-12', 'completed', 25000.00, 0.00, NULL, NULL, false, 'd0b32103-3b47-45cc-8aa9-5e7030cf226a', 'd0b32103-3b47-45cc-8aa9-5e7030cf226a', '2026-05-27 13:35:14.819821+07', '2026-05-27 13:35:14.819821+07');
INSERT INTO public.travel_requests VALUES ('763cf2d2-d457-4578-b7cc-9525d636a749', '11111111-1111-1111-1111-111111111111', 'e467ad24-f938-4728-a219-7d61c1dc0823', 'TRV26040003', 'Bangkok - Client Office', 'Progress review meeting', '2026-04-15', '2026-04-18', 'completed', 35000.00, 0.00, NULL, NULL, false, '1d57e25a-e741-4cc7-aa88-55276aba0df8', '1d57e25a-e741-4cc7-aa88-55276aba0df8', '2026-05-27 13:35:14.828055+07', '2026-05-27 13:35:14.828055+07');
INSERT INTO public.travel_requests VALUES ('9b7bf74a-b530-4fb3-bf16-c8b80ac9ba68', '11111111-1111-1111-1111-111111111111', 'e467ad24-f938-4728-a219-7d61c1dc0823', 'TRV26060001', 'Bangkok - Final Handover', 'Project handover ceremony', '2026-06-01', '2026-06-03', 'pending_manager', 15000.00, 0.00, NULL, NULL, false, 'd0b32103-3b47-45cc-8aa9-5e7030cf226a', 'd0b32103-3b47-45cc-8aa9-5e7030cf226a', '2026-05-27 13:35:14.836584+07', '2026-05-27 13:35:14.836584+07');


--
-- Data for Name: advance_requests; Type: TABLE DATA; Schema: public; Owner: -
--

INSERT INTO public.advance_requests VALUES ('87808bc7-002b-4d86-9ab5-038e4c97817e', '11111111-1111-1111-1111-111111111111', 'e467ad24-f938-4728-a219-7d61c1dc0823', 'ADV2605003', '2026-05-27', 'd0b32103-3b47-45cc-8aa9-5e7030cf226a', 'Advance for final handover trip', 15000.00, 'travel', NULL, 'settled', '0de45976-9d75-4fcb-a288-ad01f34e32f0', '2026-05-27 15:56:09.802744+07', NULL, 'd0b32103-3b47-45cc-8aa9-5e7030cf226a', '2026-05-25 00:00:00+07', '2026-05-27 16:36:09.614715+07', 15000.00, 20000.00, -5000.00);
INSERT INTO public.advance_requests VALUES ('b04ddb1a-01ee-46ad-85fd-18bd4f3e3c2b', '11111111-1111-1111-1111-111111111111', 'e467ad24-f938-4728-a219-7d61c1dc0823', 'ADV26050004', '2026-05-27', 'a9326f9b-1c8f-4776-80d4-18c5ff4de298', 'Advance test', 10000.00, 'travel', NULL, 'settled', '0de45976-9d75-4fcb-a288-ad01f34e32f0', '2026-05-27 16:54:03.689611+07', NULL, '0de45976-9d75-4fcb-a288-ad01f34e32f0', '2026-05-27 16:54:00.427956+07', '2026-05-27 16:54:58.213821+07', 10000.00, 10000.00, 0.00);
INSERT INTO public.advance_requests VALUES ('651653b3-e7a8-4635-bdee-4032c5b36688', '11111111-1111-1111-1111-111111111111', 'e467ad24-f938-4728-a219-7d61c1dc0823', 'ADV2605002', '2026-05-27', 'ebee042c-0b67-4061-8ae0-6755b8549575', 'Advance for installation trip', 35000.00, 'travel', NULL, 'settling', 'd0b32103-3b47-45cc-8aa9-5e7030cf226a', '2026-05-27 15:54:02.627223+07', NULL, 'ebee042c-0b67-4061-8ae0-6755b8549575', '2026-05-10 00:00:00+07', '2026-05-27 16:55:21.897797+07', 35000.00, 50000.00, -15000.00);
INSERT INTO public.advance_requests VALUES ('ef68cb5f-066d-4a7b-b447-2ffed212c8b6', '11111111-1111-1111-1111-111111111111', 'e467ad24-f938-4728-a219-7d61c1dc0823', 'ADV2603001', '2026-05-27', 'd0b32103-3b47-45cc-8aa9-5e7030cf226a', 'Advance for Bangkok site survey', 25000.00, 'travel', NULL, 'settling', 'd0b32103-3b47-45cc-8aa9-5e7030cf226a', '2026-05-27 15:54:02.552375+07', NULL, 'd0b32103-3b47-45cc-8aa9-5e7030cf226a', '2026-03-05 00:00:00+07', '2026-05-27 15:54:02.552375+07', 25000.00, 23500.00, 1500.00);
INSERT INTO public.advance_requests VALUES ('eae9ba2b-e01a-45f4-b215-ca2f61095521', '11111111-1111-1111-1111-111111111111', 'e467ad24-f938-4728-a219-7d61c1dc0823', 'ADV2605004', '2026-05-27', 'b31dbffc-0fd4-42fe-8ae5-a960de5b328d', 'Advance for spare parts purchase', 8000.00, 'procurement', NULL, 'approved', '0de45976-9d75-4fcb-a288-ad01f34e32f0', '2026-05-27 16:57:54.769338+07', NULL, 'b31dbffc-0fd4-42fe-8ae5-a960de5b328d', '2026-05-26 00:00:00+07', '2026-05-27 16:57:54.769338+07', 0.00, 0.00, 0.00);
INSERT INTO public.advance_requests VALUES ('b2311070-1772-418d-8394-428b62ce130c', '11111111-1111-1111-1111-111111111111', NULL, 'ADV26050005', '2026-05-27', '0de45976-9d75-4fcb-a288-ad01f34e32f0', 'Advance test3', 10000.00, 'travel', NULL, 'paid', '0de45976-9d75-4fcb-a288-ad01f34e32f0', '2026-05-27 16:58:18.350221+07', NULL, '0de45976-9d75-4fcb-a288-ad01f34e32f0', '2026-05-27 16:58:14.14648+07', '2026-05-27 16:58:33.657959+07', 10000.00, 0.00, 10000.00);
INSERT INTO public.advance_requests VALUES ('14361a58-5d0d-4d6b-baf4-612e29cf8318', '11111111-1111-1111-1111-111111111111', 'e467ad24-f938-4728-a219-7d61c1dc0823', 'ADV26050006', '2026-05-27', 'd0b32103-3b47-45cc-8aa9-5e7030cf226a', 'Advance test4', 10000.00, 'travel', NULL, 'approved', '0de45976-9d75-4fcb-a288-ad01f34e32f0', '2026-05-27 16:59:42.266283+07', NULL, '0de45976-9d75-4fcb-a288-ad01f34e32f0', '2026-05-27 16:58:55.31123+07', '2026-05-27 16:59:42.266283+07', 0.00, 0.00, 0.00);
INSERT INTO public.advance_requests VALUES ('759aa05f-d61e-40f0-b51e-a0039307d66c', '11111111-1111-1111-1111-111111111111', '6d53551c-2c84-45ba-bac7-518d2bf81287', 'ADV26050008', '2026-05-28', 'a9326f9b-1c8f-4776-80d4-18c5ff4de298', 'Advance test5555', 100000.00, 'travel', NULL, 'settled', '0de45976-9d75-4fcb-a288-ad01f34e32f0', '2026-05-28 14:34:33.178151+07', NULL, '0de45976-9d75-4fcb-a288-ad01f34e32f0', '2026-05-28 14:34:24.221352+07', '2026-05-28 14:38:13.403752+07', 100000.00, 90000.00, 0.00);
INSERT INTO public.advance_requests VALUES ('04663a97-946d-4ea7-bedc-9611b4005e80', '11111111-1111-1111-1111-111111111111', 'a3e5075c-0484-4631-b718-9af934802de1', 'ADV8GEGKN', '2026-05-28', '1d57e25a-e741-4cc7-aa88-55276aba0df8', 'Advance for site trip', 15000.00, 'travel', NULL, 'paid', NULL, NULL, NULL, '1d57e25a-e741-4cc7-aa88-55276aba0df8', '2026-05-28 16:04:16.251076+07', '2026-05-28 16:04:16.251076+07', 15000.00, 0.00, 15000.00);
INSERT INTO public.advance_requests VALUES ('f9d39b8a-2649-468e-99e7-23f2b4da5c4d', '11111111-1111-1111-1111-111111111111', 'de7b0847-7026-4447-b7b8-1cf0b983d44b', 'ADV05804412', '2026-05-28', '95742447-39bf-46eb-8eea-ed16a808e164', 'Advance for Sonar System Installation - Ra', 22547.00, 'event', NULL, 'paid', NULL, NULL, NULL, '95742447-39bf-46eb-8eea-ed16a808e164', '2026-05-28 16:07:49.743257+07', '2026-05-28 16:07:49.743257+07', 22547.00, 0.00, 22547.00);
INSERT INTO public.advance_requests VALUES ('716d30fa-ce19-44dc-9420-ae743b5ce5c5', '11111111-1111-1111-1111-111111111111', '10e762e9-bdc9-41d7-9756-0d0ed4cbdfc4', 'ADV75893598', '2026-05-28', 'ebee042c-0b67-4061-8ae0-6755b8549575', 'Advance for GPS Fleet Management - Samut P', 28085.00, 'event', NULL, 'paid', NULL, NULL, NULL, 'ebee042c-0b67-4061-8ae0-6755b8549575', '2026-05-28 16:07:49.758249+07', '2026-05-28 16:07:49.758249+07', 28085.00, 0.00, 28085.00);
INSERT INTO public.advance_requests VALUES ('2dd3ac1f-2ab4-47d5-a5f8-0153b97608d8', '11111111-1111-1111-1111-111111111111', '586d4de6-73eb-469d-92d2-7546654ff0dd', 'ADV96502595', '2026-05-28', '1d57e25a-e741-4cc7-aa88-55276aba0df8', 'Advance for AIS Repeater System - Surat Th', 27850.00, 'travel', NULL, 'paid', NULL, NULL, NULL, '1d57e25a-e741-4cc7-aa88-55276aba0df8', '2026-05-28 16:07:49.77242+07', '2026-05-28 16:07:49.77242+07', 27850.00, 0.00, 27850.00);
INSERT INTO public.advance_requests VALUES ('7c3e9e47-6e67-41c9-93a4-dd281bc0ad4d', '11111111-1111-1111-1111-111111111111', 'b1414314-c8cb-4184-98ac-baebae84a764', 'ADV02271999', '2026-05-28', 'ebee042c-0b67-4061-8ae0-6755b8549575', 'Advance for Weather Station Network - Chum', 12982.00, 'travel', NULL, 'paid', NULL, NULL, NULL, 'ebee042c-0b67-4061-8ae0-6755b8549575', '2026-05-28 16:07:49.773864+07', '2026-05-28 16:07:49.773864+07', 12982.00, 0.00, 12982.00);
INSERT INTO public.advance_requests VALUES ('03aff52d-62ad-40da-b894-520d664352b2', '11111111-1111-1111-1111-111111111111', 'c96cc3ca-23d9-40ca-a9d4-217f701767bb', 'ADV83091225', '2026-05-28', 'ebee042c-0b67-4061-8ae0-6755b8549575', 'Advance for CCTV Monitoring Port - Laem Ch', 21211.00, 'event', NULL, 'paid', NULL, NULL, NULL, 'ebee042c-0b67-4061-8ae0-6755b8549575', '2026-05-28 16:07:49.77525+07', '2026-05-28 16:07:49.77525+07', 21211.00, 0.00, 21211.00);
INSERT INTO public.advance_requests VALUES ('fc78b470-727c-4038-bc1f-6d0967e6bfce', '11111111-1111-1111-1111-111111111111', '5e9c047f-a845-48d6-a2e5-dc1e5fdb323d', 'ADV57893174', '2026-05-28', '95742447-39bf-46eb-8eea-ed16a808e164', 'Advance for Radio Communication Upgrade - ', 31956.00, 'event', NULL, 'paid', NULL, NULL, NULL, '95742447-39bf-46eb-8eea-ed16a808e164', '2026-05-28 16:07:49.779058+07', '2026-05-28 16:07:49.779058+07', 31956.00, 0.00, 31956.00);
INSERT INTO public.advance_requests VALUES ('d6afddaf-ff5f-4ef1-bb46-a953dd450e8c', '11111111-1111-1111-1111-111111111111', 'd8838034-b3f2-4781-83df-4f5f00a41061', 'ADV36412805', '2026-05-28', '95742447-39bf-46eb-8eea-ed16a808e164', 'Advance for Echo Sounder Maintenance - Son', 10388.00, 'procurement', NULL, 'paid', NULL, NULL, NULL, '95742447-39bf-46eb-8eea-ed16a808e164', '2026-05-28 16:07:49.782979+07', '2026-05-28 16:07:49.782979+07', 10388.00, 0.00, 10388.00);
INSERT INTO public.advance_requests VALUES ('d7580665-9974-427a-aa08-d786efa21a31', '11111111-1111-1111-1111-111111111111', '5a190f8c-e256-498a-bb0f-4705b960dced', 'ADV66359897', '2026-05-28', '95742447-39bf-46eb-8eea-ed16a808e164', 'Advance for VTS System - Map Ta Phut', 32722.00, 'travel', NULL, 'paid', NULL, NULL, NULL, '95742447-39bf-46eb-8eea-ed16a808e164', '2026-05-28 16:07:49.785071+07', '2026-05-28 16:07:49.785071+07', 32722.00, 0.00, 32722.00);
INSERT INTO public.advance_requests VALUES ('19b627a4-6b2a-48ae-9186-4245cc17474b', '11111111-1111-1111-1111-111111111111', 'aa52a2af-0912-4d3b-9de7-41f4dcc99fb0', 'ADV78279535', '2026-05-28', '95742447-39bf-46eb-8eea-ed16a808e164', 'Advance for Gyro Compass Replacement - Fer', 15268.00, 'procurement', NULL, 'settled', NULL, NULL, NULL, '95742447-39bf-46eb-8eea-ed16a808e164', '2026-05-28 16:07:49.786989+07', '2026-05-29 00:06:29.040621+07', 15268.00, 50000.00, 0.00);
INSERT INTO public.advance_requests VALUES ('13d77622-ad6f-4063-baf2-6c4f819364d6', '11111111-1111-1111-1111-111111111111', '6d53551c-2c84-45ba-bac7-518d2bf81287', 'ADV26050009', '2026-05-29', '5959a486-ba8f-4416-95a0-9dcb6eb54745', 'Advance test4444', 10000.00, 'travel', NULL, 'settled', 'adec31a4-5e6e-46d5-ad9b-6855cea6cce2', '2026-05-29 00:03:46.684162+07', NULL, 'adec31a4-5e6e-46d5-ad9b-6855cea6cce2', '2026-05-29 00:03:43.335485+07', '2026-05-29 00:44:08.964199+07', 10000.00, 500000.00, 0.00);
INSERT INTO public.advance_requests VALUES ('764f7ee0-2b9e-4ba7-9350-a59ad948ebd0', '11111111-1111-1111-1111-111111111111', 'e467ad24-f938-4728-a219-7d61c1dc0823', 'ADV26050007', '2026-05-27', 'd0b32103-3b47-45cc-8aa9-5e7030cf226a', 'Advance test4', 10000.00, 'travel', NULL, 'paid', '0de45976-9d75-4fcb-a288-ad01f34e32f0', '2026-05-27 16:59:06.232097+07', NULL, '0de45976-9d75-4fcb-a288-ad01f34e32f0', '2026-05-27 16:58:55.312813+07', '2026-05-29 00:45:07.576755+07', 10000.00, 0.00, 10000.00);
INSERT INTO public.advance_requests VALUES ('90f28779-83dd-4840-8f4f-5d627a91c3f3', '11111111-1111-1111-1111-111111111111', '6d53551c-2c84-45ba-bac7-518d2bf81287', 'ADV2604005', '2026-05-27', '1d57e25a-e741-4cc7-aa88-55276aba0df8', 'Advance for Phuket installation', 20000.00, 'travel', NULL, 'settled', '1d57e25a-e741-4cc7-aa88-55276aba0df8', '2026-05-27 15:54:02.634135+07', NULL, '1d57e25a-e741-4cc7-aa88-55276aba0df8', '2026-04-01 00:00:00+07', '2026-05-29 00:45:22.918355+07', 20000.00, 22500.00, 0.00);


--
-- Data for Name: bank_accounts; Type: TABLE DATA; Schema: public; Owner: -
--

INSERT INTO public.bank_accounts VALUES ('0b436021-a98f-43a9-b82a-afda6406652d', '11111111-1111-1111-1111-111111111111', 'BA01', 'SCB Main Account', 'SCB', '123-4-56789-0', 'Silom', 'THB', '111201', true, '2026-05-27 16:02:30.389865+07');
INSERT INTO public.bank_accounts VALUES ('9a92de9c-b324-42d8-9eeb-76eb07767875', '11111111-1111-1111-1111-111111111111', 'BA02', 'KBank Payroll', 'KBank', '987-6-54321-0', 'Sathorn', 'THB', '111202', true, '2026-05-27 16:02:30.389865+07');
INSERT INTO public.bank_accounts VALUES ('c2c6b07a-54e1-4a26-99cd-dcdf092c7f40', '11111111-1111-1111-1111-111111111111', 'CASH', 'Petty Cash', 'Cash', '-', '-', 'THB', '111101', true, '2026-05-27 16:02:30.389865+07');


--
-- Data for Name: gl_journals; Type: TABLE DATA; Schema: public; Owner: -
--

INSERT INTO public.gl_journals VALUES ('73f2368d-e225-4e81-abe1-64176f6df235', '11111111-1111-1111-1111-111111111111', 'advance_pay', 'b7d22a05-4031-474b-9517-000597db8ee9', 'ADV2605003', '2026-05-27', 'Advance payment - ADV2605003', 15000.00, 15000.00, 'posted', '0de45976-9d75-4fcb-a288-ad01f34e32f0', '2026-05-27 16:29:42.369436+07');
INSERT INTO public.gl_journals VALUES ('6c455021-064a-4e51-b246-2ab56931afb3', '11111111-1111-1111-1111-111111111111', 'advance_settle', 'ba0ae207-83b6-4510-9f68-209a1921f48a', 'CLR26050001', '2026-05-27', 'Settlement - ADV2605003', 20000.00, 20000.00, 'posted', '0de45976-9d75-4fcb-a288-ad01f34e32f0', '2026-05-27 16:36:01.766714+07');
INSERT INTO public.gl_journals VALUES ('a4ed5947-4056-48f0-b8b8-9f1c58e5f966', '11111111-1111-1111-1111-111111111111', 'advance_reimburse', 'a2068d04-edf1-4ea8-a87d-385c8afbbe23', 'ADV2605003', '2026-05-27', 'Reimburse - ADV2605003', 5000.00, 5000.00, 'posted', '0de45976-9d75-4fcb-a288-ad01f34e32f0', '2026-05-27 16:36:09.611083+07');
INSERT INTO public.gl_journals VALUES ('5dd21131-2d03-4624-95b2-d9d03d16f589', '11111111-1111-1111-1111-111111111111', 'advance_pay', '98852a9a-2bff-4d69-913d-862839ac135c', 'ADV26050004', '2026-05-27', 'Advance payment - ADV26050004', 10000.00, 10000.00, 'posted', '0de45976-9d75-4fcb-a288-ad01f34e32f0', '2026-05-27 16:54:16.600062+07');
INSERT INTO public.gl_journals VALUES ('c9d08914-2745-4655-a189-7764420069ca', '11111111-1111-1111-1111-111111111111', 'advance_settle', '9f614cab-d740-4f1c-8759-5fb7affeed92', 'CLR26050002', '2026-05-27', 'Clear - ADV26050004', 10000.00, 10000.00, 'posted', '0de45976-9d75-4fcb-a288-ad01f34e32f0', '2026-05-27 16:54:58.178583+07');
INSERT INTO public.gl_journals VALUES ('9d79b642-a738-41fd-bb0c-d6c04b13b2ce', '11111111-1111-1111-1111-111111111111', 'advance_pay', 'ca8b414c-34b5-4647-8781-895c345e9156', 'ADV26050005', '2026-05-27', 'Advance payment - ADV26050005', 10000.00, 10000.00, 'posted', '0de45976-9d75-4fcb-a288-ad01f34e32f0', '2026-05-27 16:58:33.652511+07');
INSERT INTO public.gl_journals VALUES ('878f41cd-cd90-46a8-9ab4-53f15a11e11c', '11111111-1111-1111-1111-111111111111', 'advance_settle', '044259dd-e7b6-4878-99e0-3b7ff14e23da', 'CLR26050003', '2026-05-27', 'Clear - ADV2605002', 50000.00, 50000.00, 'posted', '0de45976-9d75-4fcb-a288-ad01f34e32f0', '2026-05-27 17:00:18.292806+07');
INSERT INTO public.gl_journals VALUES ('74ac95fa-7cb0-4af8-9325-9e82fcb6f2b8', '11111111-1111-1111-1111-111111111111', 'advance_settle', 'ac13867c-5632-4a8f-be86-d1c48dab1aa9', 'CLR2604002', '2026-05-27', 'Clear - ADV2604005', 22500.00, 22500.00, 'posted', '0de45976-9d75-4fcb-a288-ad01f34e32f0', '2026-05-27 17:00:35.084052+07');
INSERT INTO public.gl_journals VALUES ('b01ea1b8-701d-43dd-a018-520e9331c533', '11111111-1111-1111-1111-111111111111', 'advance_settle', '39b817db-4add-4f31-9baa-ce452a11ee6f', 'CLR2603001', '2026-05-27', 'Clear - ADV2603001', 23500.00, 23500.00, 'posted', '0de45976-9d75-4fcb-a288-ad01f34e32f0', '2026-05-27 17:00:37.502484+07');
INSERT INTO public.gl_journals VALUES ('8e48c69f-0dab-4c44-b584-5b2af6105734', '11111111-1111-1111-1111-111111111111', 'advance_pay', '976b5c12-54e2-4f05-8c56-1ca332b2fe83', 'ADV26050008', '2026-05-28', 'Advance payment - ADV26050008', 100000.00, 100000.00, 'posted', '0de45976-9d75-4fcb-a288-ad01f34e32f0', '2026-05-28 14:35:42.475627+07');
INSERT INTO public.gl_journals VALUES ('bd70812c-b5b9-499d-a844-866bdb8468d5', '11111111-1111-1111-1111-111111111111', 'advance_settle', 'a6990748-ef06-4e4f-960a-a8b071c7a734', 'CLR26050004', '2026-05-28', 'Clear - ADV26050008', 90000.00, 90000.00, 'posted', '0de45976-9d75-4fcb-a288-ad01f34e32f0', '2026-05-28 14:37:52.565986+07');
INSERT INTO public.gl_journals VALUES ('ef32bd87-0c02-4ba5-b5c9-6699dbe42d49', '11111111-1111-1111-1111-111111111111', 'advance_return', '3217df39-194c-4177-a341-cd49b51788cc', 'ADV26050008', '2026-05-28', 'Employee return - ADV26050008', 10000.00, 10000.00, 'posted', '0de45976-9d75-4fcb-a288-ad01f34e32f0', '2026-05-28 14:38:13.399687+07');
INSERT INTO public.gl_journals VALUES ('af322e96-806e-44f1-a6d8-1b978d314f7c', '11111111-1111-1111-1111-111111111111', 'advance_pay', 'dabbae31-7421-4132-b536-84fde0c3d14c', 'ADV26050009', '2026-05-29', 'Advance payment - ADV26050009', 10000.00, 10000.00, 'posted', 'adec31a4-5e6e-46d5-ad9b-6855cea6cce2', '2026-05-29 00:05:00.841783+07');
INSERT INTO public.gl_journals VALUES ('b7085700-bc19-4438-8cb2-20b9cb639e72', '11111111-1111-1111-1111-111111111111', 'advance_settle', '50e94f29-eaac-41ea-a260-7c0fb238d884', 'CLR26050005', '2026-05-29', 'Clear - ADV78279535', 50000.00, 50000.00, 'posted', 'adec31a4-5e6e-46d5-ad9b-6855cea6cce2', '2026-05-29 00:06:16.053702+07');
INSERT INTO public.gl_journals VALUES ('bc32478b-a438-4d25-a6ee-ffc251c034a7', '11111111-1111-1111-1111-111111111111', 'advance_reimburse', 'e64141fd-ef2d-43a3-bdec-149202075a0c', 'ADV78279535', '2026-05-29', 'Reimburse - ADV78279535', 34732.00, 34732.00, 'posted', 'adec31a4-5e6e-46d5-ad9b-6855cea6cce2', '2026-05-29 00:06:29.038288+07');
INSERT INTO public.gl_journals VALUES ('f0588a4f-9283-4252-b85c-96ec9b34f949', '11111111-1111-1111-1111-111111111111', 'advance_settle', '85f01a10-b08d-4750-9fcb-a6cb993b4209', 'CLR26050006', '2026-05-29', 'Clear - ADV26050009', 500000.00, 500000.00, 'posted', 'adec31a4-5e6e-46d5-ad9b-6855cea6cce2', '2026-05-29 00:09:17.300698+07');
INSERT INTO public.gl_journals VALUES ('021e4502-1d58-44bc-b500-8f747da7bde9', '11111111-1111-1111-1111-111111111111', 'advance_reimburse', 'f527d6fd-d28c-491e-843d-39dce64dec09', 'ADV26050009', '2026-05-29', 'Reimburse - ADV26050009', 490000.00, 490000.00, 'posted', 'adec31a4-5e6e-46d5-ad9b-6855cea6cce2', '2026-05-29 00:44:08.955256+07');
INSERT INTO public.gl_journals VALUES ('5513adb1-14c2-483a-922a-848c4182728e', '11111111-1111-1111-1111-111111111111', 'advance_pay', '0e65118c-1170-46a9-9156-747fe3abca4e', 'ADV26050007', '2026-05-29', 'Advance payment - ADV26050007', 10000.00, 10000.00, 'posted', 'adec31a4-5e6e-46d5-ad9b-6855cea6cce2', '2026-05-29 00:45:07.570284+07');
INSERT INTO public.gl_journals VALUES ('21496278-af5e-44fa-b55e-6b842c8f7d74', '11111111-1111-1111-1111-111111111111', 'advance_reimburse', '70fc7a87-cb4b-4a28-91dd-a957e2b931ea', 'ADV2604005', '2026-05-29', 'Reimburse - ADV2604005', 2500.00, 2500.00, 'posted', 'adec31a4-5e6e-46d5-ad9b-6855cea6cce2', '2026-05-29 00:45:22.916883+07');


--
-- Data for Name: advance_payments; Type: TABLE DATA; Schema: public; Owner: -
--

INSERT INTO public.advance_payments VALUES ('856fcfbd-6ff8-4770-8f22-8c43c5678632', 'ef68cb5f-066d-4a7b-b447-2ffed212c8b6', '2026-03-06', 'transfer', NULL, 'TRF-20260306-001', 25000.00, NULL, '111d26db-f886-4f69-a1f6-cb94addefa7e', '2026-05-27 15:54:02.620078+07', NULL, NULL);
INSERT INTO public.advance_payments VALUES ('69456040-3ab8-4422-a003-bdd8c3b23880', '651653b3-e7a8-4635-bdee-4032c5b36688', '2026-05-12', 'transfer', NULL, 'TRF-20260512-003', 35000.00, NULL, '111d26db-f886-4f69-a1f6-cb94addefa7e', '2026-05-27 15:54:02.629178+07', NULL, NULL);
INSERT INTO public.advance_payments VALUES ('b80b6c8c-ec3f-49e1-afe2-b4c02f6106b0', '90f28779-83dd-4840-8f4f-5d627a91c3f3', '2026-04-02', 'cash', NULL, NULL, 20000.00, NULL, '111d26db-f886-4f69-a1f6-cb94addefa7e', '2026-05-27 15:54:02.634916+07', NULL, NULL);
INSERT INTO public.advance_payments VALUES ('b7d22a05-4031-474b-9517-000597db8ee9', '87808bc7-002b-4d86-9ab5-038e4c97817e', '2026-05-27', 'transfer', NULL, '', 15000.00, '', '0de45976-9d75-4fcb-a288-ad01f34e32f0', '2026-05-27 16:29:42.332388+07', 'c2c6b07a-54e1-4a26-99cd-dcdf092c7f40', '73f2368d-e225-4e81-abe1-64176f6df235');
INSERT INTO public.advance_payments VALUES ('a2068d04-edf1-4ea8-a87d-385c8afbbe23', '87808bc7-002b-4d86-9ab5-038e4c97817e', '2026-05-27', 'reimburse', NULL, '', 5000.00, 'Reimburse to employee', '0de45976-9d75-4fcb-a288-ad01f34e32f0', '2026-05-27 16:36:09.606413+07', 'c2c6b07a-54e1-4a26-99cd-dcdf092c7f40', 'a4ed5947-4056-48f0-b8b8-9f1c58e5f966');
INSERT INTO public.advance_payments VALUES ('98852a9a-2bff-4d69-913d-862839ac135c', 'b04ddb1a-01ee-46ad-85fd-18bd4f3e3c2b', '2026-05-27', 'transfer', NULL, '', 10000.00, '', '0de45976-9d75-4fcb-a288-ad01f34e32f0', '2026-05-27 16:54:16.587865+07', '0b436021-a98f-43a9-b82a-afda6406652d', '5dd21131-2d03-4624-95b2-d9d03d16f589');
INSERT INTO public.advance_payments VALUES ('ca8b414c-34b5-4647-8781-895c345e9156', 'b2311070-1772-418d-8394-428b62ce130c', '2026-05-27', 'transfer', NULL, '', 10000.00, '', '0de45976-9d75-4fcb-a288-ad01f34e32f0', '2026-05-27 16:58:33.639381+07', '9a92de9c-b324-42d8-9eeb-76eb07767875', '9d79b642-a738-41fd-bb0c-d6c04b13b2ce');
INSERT INTO public.advance_payments VALUES ('976b5c12-54e2-4f05-8c56-1ca332b2fe83', '759aa05f-d61e-40f0-b51e-a0039307d66c', '2026-05-28', 'transfer', NULL, '', 100000.00, '', '0de45976-9d75-4fcb-a288-ad01f34e32f0', '2026-05-28 14:35:42.470725+07', '0b436021-a98f-43a9-b82a-afda6406652d', '8e48c69f-0dab-4c44-b584-5b2af6105734');
INSERT INTO public.advance_payments VALUES ('3217df39-194c-4177-a341-cd49b51788cc', '759aa05f-d61e-40f0-b51e-a0039307d66c', '2026-05-28', 'return', NULL, '', -10000.00, 'Employee return', '0de45976-9d75-4fcb-a288-ad01f34e32f0', '2026-05-28 14:38:13.390269+07', '9a92de9c-b324-42d8-9eeb-76eb07767875', 'ef32bd87-0c02-4ba5-b5c9-6699dbe42d49');
INSERT INTO public.advance_payments VALUES ('dabbae31-7421-4132-b536-84fde0c3d14c', '13d77622-ad6f-4063-baf2-6c4f819364d6', '2026-05-29', 'transfer', NULL, '', 10000.00, '', 'adec31a4-5e6e-46d5-ad9b-6855cea6cce2', '2026-05-29 00:05:00.828997+07', '0b436021-a98f-43a9-b82a-afda6406652d', 'af322e96-806e-44f1-a6d8-1b978d314f7c');
INSERT INTO public.advance_payments VALUES ('e64141fd-ef2d-43a3-bdec-149202075a0c', '19b627a4-6b2a-48ae-9186-4245cc17474b', '2026-05-29', 'reimburse', NULL, '', 34732.00, 'Reimburse to employee', 'adec31a4-5e6e-46d5-ad9b-6855cea6cce2', '2026-05-29 00:06:29.0362+07', '9a92de9c-b324-42d8-9eeb-76eb07767875', 'bc32478b-a438-4d25-a6ee-ffc251c034a7');
INSERT INTO public.advance_payments VALUES ('f527d6fd-d28c-491e-843d-39dce64dec09', '13d77622-ad6f-4063-baf2-6c4f819364d6', '2026-05-29', 'reimburse', NULL, '', 490000.00, 'Reimburse to employee', 'adec31a4-5e6e-46d5-ad9b-6855cea6cce2', '2026-05-29 00:44:08.935958+07', NULL, '021e4502-1d58-44bc-b500-8f747da7bde9');
INSERT INTO public.advance_payments VALUES ('0e65118c-1170-46a9-9156-747fe3abca4e', '764f7ee0-2b9e-4ba7-9350-a59ad948ebd0', '2026-05-29', 'transfer', NULL, '', 10000.00, '', 'adec31a4-5e6e-46d5-ad9b-6855cea6cce2', '2026-05-29 00:45:07.558369+07', NULL, '5513adb1-14c2-483a-922a-848c4182728e');
INSERT INTO public.advance_payments VALUES ('70fc7a87-cb4b-4a28-91dd-a957e2b931ea', '90f28779-83dd-4840-8f4f-5d627a91c3f3', '2026-05-29', 'reimburse', NULL, '', 2500.00, 'Reimburse to employee', 'adec31a4-5e6e-46d5-ad9b-6855cea6cce2', '2026-05-29 00:45:22.915456+07', '0b436021-a98f-43a9-b82a-afda6406652d', '21496278-af5e-44fa-b55e-6b842c8f7d74');


--
-- Data for Name: advance_settlements; Type: TABLE DATA; Schema: public; Owner: -
--

INSERT INTO public.advance_settlements VALUES ('ba0ae207-83b6-4510-9f68-209a1921f48a', '87808bc7-002b-4d86-9ab5-038e4c97817e', 'CLR26050001', '2026-05-27', 20000.00, 15000.00, 5000.00, 'reimburse', 'approved', '', '0de45976-9d75-4fcb-a288-ad01f34e32f0', NULL, '2026-05-27 16:36:01.755682+07', '6c455021-064a-4e51-b246-2ab56931afb3');
INSERT INTO public.advance_settlements VALUES ('9f614cab-d740-4f1c-8759-5fb7affeed92', 'b04ddb1a-01ee-46ad-85fd-18bd4f3e3c2b', 'CLR26050002', '2026-05-27', 10000.00, 10000.00, 0.00, 'exact', 'approved', '', '0de45976-9d75-4fcb-a288-ad01f34e32f0', '0de45976-9d75-4fcb-a288-ad01f34e32f0', '2026-05-27 16:54:49.779549+07', 'c9d08914-2745-4655-a189-7764420069ca');
INSERT INTO public.advance_settlements VALUES ('044259dd-e7b6-4878-99e0-3b7ff14e23da', '651653b3-e7a8-4635-bdee-4032c5b36688', 'CLR26050003', '2026-05-27', 50000.00, 35000.00, 15000.00, 'reimburse', 'approved', '', '0de45976-9d75-4fcb-a288-ad01f34e32f0', '0de45976-9d75-4fcb-a288-ad01f34e32f0', '2026-05-27 16:55:21.894874+07', '878f41cd-cd90-46a8-9ab4-53f15a11e11c');
INSERT INTO public.advance_settlements VALUES ('ac13867c-5632-4a8f-be86-d1c48dab1aa9', '90f28779-83dd-4840-8f4f-5d627a91c3f3', 'CLR2604002', '2026-04-20', 22500.00, 20000.00, 2500.00, 'reimburse', 'approved', NULL, '1d57e25a-e741-4cc7-aa88-55276aba0df8', '0de45976-9d75-4fcb-a288-ad01f34e32f0', '2026-05-27 15:54:02.635324+07', '74ac95fa-7cb0-4af8-9325-9e82fcb6f2b8');
INSERT INTO public.advance_settlements VALUES ('39b817db-4add-4f31-9baa-ce452a11ee6f', 'ef68cb5f-066d-4a7b-b447-2ffed212c8b6', 'CLR2603001', '2026-03-15', 23500.00, 25000.00, -1500.00, 'return', 'approved', NULL, 'd0b32103-3b47-45cc-8aa9-5e7030cf226a', '0de45976-9d75-4fcb-a288-ad01f34e32f0', '2026-05-27 15:54:02.621445+07', 'b01ea1b8-701d-43dd-a018-520e9331c533');
INSERT INTO public.advance_settlements VALUES ('a6990748-ef06-4e4f-960a-a8b071c7a734', '759aa05f-d61e-40f0-b51e-a0039307d66c', 'CLR26050004', '2026-05-28', 90000.00, 100000.00, -10000.00, 'return', 'approved', '', '0de45976-9d75-4fcb-a288-ad01f34e32f0', '0de45976-9d75-4fcb-a288-ad01f34e32f0', '2026-05-28 14:37:15.071239+07', 'bd70812c-b5b9-499d-a844-866bdb8468d5');
INSERT INTO public.advance_settlements VALUES ('50e94f29-eaac-41ea-a260-7c0fb238d884', '19b627a4-6b2a-48ae-9186-4245cc17474b', 'CLR26050005', '2026-05-29', 50000.00, 15268.00, 34732.00, 'reimburse', 'approved', '', 'adec31a4-5e6e-46d5-ad9b-6855cea6cce2', 'adec31a4-5e6e-46d5-ad9b-6855cea6cce2', '2026-05-29 00:06:13.068765+07', 'b7085700-bc19-4438-8cb2-20b9cb639e72');
INSERT INTO public.advance_settlements VALUES ('85f01a10-b08d-4750-9fcb-a6cb993b4209', '13d77622-ad6f-4063-baf2-6c4f819364d6', 'CLR26050006', '2026-05-29', 500000.00, 10000.00, 490000.00, 'reimburse', 'approved', '', 'adec31a4-5e6e-46d5-ad9b-6855cea6cce2', 'adec31a4-5e6e-46d5-ad9b-6855cea6cce2', '2026-05-29 00:09:13.352638+07', 'f0588a4f-9283-4252-b85c-96ec9b34f949');


--
-- Data for Name: purchase_requests; Type: TABLE DATA; Schema: public; Owner: -
--

INSERT INTO public.purchase_requests VALUES ('a708dca2-8269-441e-9982-b9aa60e7c978', '11111111-1111-1111-1111-111111111111', 'e467ad24-f938-4728-a219-7d61c1dc0823', 'PR26050018', '2026-05-08', 'pending_manager', 'VD0001', 'Marine Electronics Co.', 1070000.00, NULL, 0.00, NULL, NULL, NULL, NULL, NULL, false, 'd0b32103-3b47-45cc-8aa9-5e7030cf226a', '2026-05-27 13:34:30.007338+07', '2026-05-28 17:23:37.47844+07', NULL, NULL, NULL);
INSERT INTO public.purchase_requests VALUES ('7de2eab3-03f2-4c53-82cd-7b3fb8a3b774', '11111111-1111-1111-1111-111111111111', 'e467ad24-f938-4728-a219-7d61c1dc0823', 'PR26050014', '2026-05-10', 'approved', 'VD0002', 'Navigation Systems Ltd.', 180000.00, NULL, 0.00, NULL, NULL, NULL, NULL, NULL, false, 'd0b32103-3b47-45cc-8aa9-5e7030cf226a', '2026-05-11 17:21:22.736711+07', '2026-05-28 14:31:24.713802+07', NULL, NULL, NULL);
INSERT INTO public.purchase_requests VALUES ('b58aa26d-a24b-457f-85d3-0fa4b5d0a664', '11111111-1111-1111-1111-111111111111', 'e467ad24-f938-4728-a219-7d61c1dc0823', 'PR26050025', '2026-05-20', 'approved', 'VO0001', 'General Supplier', 192000.00, NULL, 0.00, NULL, NULL, NULL, NULL, NULL, false, 'd0b32103-3b47-45cc-8aa9-5e7030cf226a', '2026-05-27 13:34:30.010781+07', '2026-05-28 17:23:37.345342+07', NULL, NULL, NULL);
INSERT INTO public.purchase_requests VALUES ('b4a1edff-0b46-4422-8639-928ca00ac3e4', '11111111-1111-1111-1111-111111111111', 'a3e5075c-0484-4631-b718-9af934802de1', 'PR20262309', '2026-05-28', 'approved', 'VD0002', 'Navigation Systems Ltd.', 310170.00, NULL, 0.00, NULL, NULL, NULL, NULL, NULL, false, 'ebee042c-0b67-4061-8ae0-6755b8549575', '2026-05-28 16:07:49.764858+07', '2026-05-28 17:23:37.456546+07', NULL, NULL, NULL);
INSERT INTO public.purchase_requests VALUES ('909f120e-ce58-40af-a3ab-094cd6ac73c7', '11111111-1111-1111-1111-111111111111', '5e9c047f-a845-48d6-a2e5-dc1e5fdb323d', 'PR20261845', '2026-05-28', 'sent_to_sap', 'VD0002', 'Navigation Systems Ltd.', 1681000.00, NULL, 0.00, NULL, NULL, NULL, NULL, NULL, false, '95742447-39bf-46eb-8eea-ed16a808e164', '2026-05-28 16:07:49.778494+07', '2026-05-28 17:23:37.459151+07', NULL, NULL, NULL);
INSERT INTO public.purchase_requests VALUES ('dd573630-f4ba-43ad-8efb-739ce77a07b1', '11111111-1111-1111-1111-111111111111', 'd8838034-b3f2-4781-83df-4f5f00a41061', 'PR20268546', '2026-05-28', 'draft', 'VF0001', 'Furuno Japan', 1563500.00, NULL, 0.00, NULL, NULL, NULL, NULL, NULL, false, '95742447-39bf-46eb-8eea-ed16a808e164', '2026-05-28 16:07:49.782414+07', '2026-05-28 17:23:37.462891+07', NULL, NULL, NULL);
INSERT INTO public.purchase_requests VALUES ('247edd31-2b8a-405f-9430-f93d80390ac5', '11111111-1111-1111-1111-111111111111', 'aa52a2af-0912-4d3b-9de7-41f4dcc99fb0', 'PR20268905', '2026-05-28', 'sent_to_sap', 'VO0001', 'General Supplier', 520000.00, NULL, 0.00, NULL, NULL, NULL, NULL, NULL, false, '95742447-39bf-46eb-8eea-ed16a808e164', '2026-05-28 16:07:49.786459+07', '2026-05-28 17:23:37.465652+07', NULL, NULL, NULL);
INSERT INTO public.purchase_requests VALUES ('57428047-5bfc-49fb-a198-6be8b805569e', '11111111-1111-1111-1111-111111111111', 'e467ad24-f938-4728-a219-7d61c1dc0823', 'PR26030001', '2026-03-10', 'sent_to_sap', 'VD0001', 'Marine Electronics Co.', 135425.00, NULL, 0.00, NULL, NULL, NULL, NULL, NULL, false, 'd0b32103-3b47-45cc-8aa9-5e7030cf226a', '2026-05-27 13:34:29.991878+07', '2026-05-28 17:23:37.467718+07', NULL, NULL, NULL);
INSERT INTO public.purchase_requests VALUES ('d5a47ee5-2516-41c1-a6c2-597303d332fa', '11111111-1111-1111-1111-111111111111', 'e467ad24-f938-4728-a219-7d61c1dc0823', 'PR26040002', '2026-04-05', 'approved', 'VD0002', 'Navigation Systems Ltd.', 1230000.00, NULL, 0.00, NULL, NULL, NULL, NULL, NULL, false, 'd0b32103-3b47-45cc-8aa9-5e7030cf226a', '2026-05-27 13:34:30.006678+07', '2026-05-28 17:23:37.47045+07', NULL, NULL, NULL);
INSERT INTO public.purchase_requests VALUES ('6e809299-3f26-47cd-b77f-7b62017a4fcc', '11111111-1111-1111-1111-111111111111', NULL, 'PR26050024', '2026-05-12', 'draft', 'VD0002', 'Navigation Systems Ltd.', 1050000.00, NULL, 0.00, '', NULL, NULL, NULL, NULL, false, '5959a486-ba8f-4416-95a0-9dcb6eb54745', '2026-05-12 10:55:35.837377+07', '2026-05-28 17:23:37.473529+07', NULL, NULL, NULL);
INSERT INTO public.purchase_requests VALUES ('7f61906d-c3d0-42d7-b8d4-a6f9dd77b4f0', '11111111-1111-1111-1111-111111111111', 'c96cc3ca-23d9-40ca-a9d4-217f701767bb', 'PR26030010', '2026-03-05', 'received', 'VD0002', 'Navigation Systems Ltd.', 920000.00, NULL, 0.00, NULL, 42, '180042', NULL, '2026-05-29 00:00:03.370867+07', false, '1d57e25a-e741-4cc7-aa88-55276aba0df8', '2026-05-11 17:21:23.433908+07', '2026-05-29 00:00:03.370867+07', NULL, NULL, NULL);
INSERT INTO public.purchase_requests VALUES ('bd6f1215-05ec-4d36-a780-20e32200fc5b', '11111111-1111-1111-1111-111111111111', '5a190f8c-e256-498a-bb0f-4705b960dced', 'PR26050021', '2026-05-10', 'received', 'VD0002', 'Navigation Systems Ltd.', 850000.00, NULL, 0.00, NULL, 58, '180058', NULL, '2026-05-29 00:00:03.370867+07', false, 'd0b32103-3b47-45cc-8aa9-5e7030cf226a', '2026-05-11 17:21:23.433908+07', '2026-05-29 00:00:03.370867+07', NULL, NULL, NULL);
INSERT INTO public.purchase_requests VALUES ('adf29eb4-2720-46d3-9b52-513a02b57f5f', '11111111-1111-1111-1111-111111111111', '6d53551c-2c84-45ba-bac7-518d2bf81287', 'PR26050005', '2026-05-02', 'received', 'VD0001', 'Marine Electronics Co.', 120000.00, NULL, 0.00, NULL, 63, '180063', NULL, '2026-05-29 00:00:03.370867+07', false, '1d57e25a-e741-4cc7-aa88-55276aba0df8', '2026-05-11 17:21:22.736711+07', '2026-05-29 00:00:03.370867+07', NULL, NULL, NULL);
INSERT INTO public.purchase_requests VALUES ('8a956d88-3ca6-4305-b7e3-b2aa0462ac28', '11111111-1111-1111-1111-111111111111', 'de7b0847-7026-4447-b7b8-1cf0b983d44b', 'PR26050008', '2026-05-06', 'approved', 'VF0001', 'Furuno Japan', 62000.00, NULL, 0.00, NULL, NULL, NULL, NULL, NULL, false, 'b31dbffc-0fd4-42fe-8ae5-a960de5b328d', '2026-05-11 17:21:22.736711+07', '2026-05-11 17:21:22.736711+07', NULL, NULL, NULL);
INSERT INTO public.purchase_requests VALUES ('3845a3be-4cfb-4a45-a1ed-ca1f05848441', '11111111-1111-1111-1111-111111111111', '10e762e9-bdc9-41d7-9756-0d0ed4cbdfc4', 'PR26050010', '2026-05-04', 'approved', 'VD0001', 'Marine Electronics Co.', 7800.00, NULL, 0.00, NULL, NULL, NULL, NULL, NULL, false, '95742447-39bf-46eb-8eea-ed16a808e164', '2026-05-11 17:21:22.736711+07', '2026-05-11 17:21:22.736711+07', NULL, NULL, NULL);
INSERT INTO public.purchase_requests VALUES ('133fec17-eff4-4289-82fc-cd15728dbe34', '11111111-1111-1111-1111-111111111111', 'de7b0847-7026-4447-b7b8-1cf0b983d44b', 'PR26050013', '2026-05-09', 'pending_finance', 'VF0002', 'JRC Global', 45000.00, NULL, 0.00, NULL, NULL, NULL, NULL, NULL, false, 'b31dbffc-0fd4-42fe-8ae5-a960de5b328d', '2026-05-11 17:21:22.736711+07', '2026-05-11 17:21:22.736711+07', NULL, NULL, NULL);
INSERT INTO public.purchase_requests VALUES ('7d64d630-7780-4293-a201-5b19975a01f9', '11111111-1111-1111-1111-111111111111', '10e762e9-bdc9-41d7-9756-0d0ed4cbdfc4', 'PR26050015', '2026-05-10', 'draft', 'VD0001', 'Marine Electronics Co.', 25000.00, NULL, 0.00, NULL, NULL, NULL, NULL, NULL, false, '95742447-39bf-46eb-8eea-ed16a808e164', '2026-05-11 17:21:22.736711+07', '2026-05-11 17:21:22.736711+07', NULL, NULL, NULL);
INSERT INTO public.purchase_requests VALUES ('b4d0e4ad-9ed3-4d9d-93f1-6012afe6bb58', '11111111-1111-1111-1111-111111111111', '6d53551c-2c84-45ba-bac7-518d2bf81287', 'PR26050016', '2026-05-11', 'draft', NULL, NULL, 8500.00, NULL, 0.00, NULL, NULL, NULL, NULL, NULL, false, 'ebee042c-0b67-4061-8ae0-6755b8549575', '2026-05-11 17:21:22.736711+07', '2026-05-11 17:21:22.736711+07', NULL, NULL, NULL);
INSERT INTO public.purchase_requests VALUES ('50a34d47-5281-4acb-bfe7-25ef24b7ac05', '11111111-1111-1111-1111-111111111111', NULL, 'PR26050017', '2026-05-11', 'draft', NULL, NULL, 3200.00, NULL, 0.00, NULL, NULL, NULL, NULL, NULL, false, '95742447-39bf-46eb-8eea-ed16a808e164', '2026-05-11 17:21:22.736711+07', '2026-05-11 17:21:22.736711+07', NULL, NULL, NULL);
INSERT INTO public.purchase_requests VALUES ('86af0364-4652-4c5a-a2ff-9bff87a74788', '11111111-1111-1111-1111-111111111111', '586d4de6-73eb-469d-92d2-7546654ff0dd', 'PR26040018', '2026-04-15', 'sent_to_sap', 'VD0001', 'Marine Electronics Co.', 350000.00, NULL, 0.00, NULL, NULL, NULL, NULL, NULL, false, 'd0b32103-3b47-45cc-8aa9-5e7030cf226a', '2026-05-11 17:21:23.433908+07', '2026-05-11 17:21:23.433908+07', NULL, NULL, NULL);
INSERT INTO public.purchase_requests VALUES ('35c64290-dc1e-43f2-a83a-54e018b960c1', '11111111-1111-1111-1111-111111111111', '6d53551c-2c84-45ba-bac7-518d2bf81287', 'PR26050012', '2026-05-08', 'draft', 'VD0001', 'Marine Electronics Co.', 85000.00, NULL, 0.00, NULL, NULL, NULL, NULL, NULL, false, '1d57e25a-e741-4cc7-aa88-55276aba0df8', '2026-05-11 17:21:22.736711+07', '2026-05-26 21:42:52.554791+07', NULL, NULL, NULL);
INSERT INTO public.purchase_requests VALUES ('4778d85d-0e61-45bd-bc93-af220c3683aa', '11111111-1111-1111-1111-111111111111', 'b1414314-c8cb-4184-98ac-baebae84a764', 'PR26050019', '2026-05-08', 'pending_manager', 'VD0001', 'Marine Electronics Co.', 450000.00, NULL, 0.00, NULL, NULL, NULL, NULL, NULL, false, 'b31dbffc-0fd4-42fe-8ae5-a960de5b328d', '2026-05-11 17:21:23.433908+07', '2026-05-27 10:16:41.461971+07', NULL, NULL, NULL);
INSERT INTO public.purchase_requests VALUES ('bc64c5e4-d8f3-49e8-ad0e-a5428662b027', '11111111-1111-1111-1111-111111111111', '5a190f8c-e256-498a-bb0f-4705b960dced', 'PR26050020', '2026-05-09', 'draft', 'VF0002', 'JRC Global', 1200000.00, NULL, 0.00, NULL, NULL, NULL, NULL, NULL, false, 'd0b32103-3b47-45cc-8aa9-5e7030cf226a', '2026-05-11 17:21:23.433908+07', '2026-05-27 10:16:42.504952+07', NULL, NULL, NULL);
INSERT INTO public.purchase_requests VALUES ('4f3121dd-c29e-4676-bb98-16c445c7192b', '11111111-1111-1111-1111-111111111111', '586d4de6-73eb-469d-92d2-7546654ff0dd', 'PR26050022', '2026-05-11', 'approved', 'VD0001', 'Marine Electronics Co.', 60000.00, NULL, 0.00, NULL, NULL, NULL, NULL, NULL, false, 'ebee042c-0b67-4061-8ae0-6755b8549575', '2026-05-11 17:21:23.433908+07', '2026-05-27 10:16:48.252488+07', NULL, NULL, NULL);
INSERT INTO public.purchase_requests VALUES ('2e217d88-e779-40c6-b46d-97591e0ae346', '11111111-1111-1111-1111-111111111111', '6d53551c-2c84-45ba-bac7-518d2bf81287', 'PR26050009', '2026-05-05', 'pending_manager', 'VD0002', 'Navigation Systems Ltd.', 35500.00, NULL, 0.00, NULL, NULL, NULL, NULL, NULL, false, '32ae2c60-b3e7-4834-8729-23a4b3ecb2da', '2026-05-11 17:21:22.736711+07', '2026-05-27 10:17:29.301925+07', NULL, NULL, NULL);
INSERT INTO public.purchase_requests VALUES ('c640c3b3-76a9-47e9-933d-b9714c3edfc6', '11111111-1111-1111-1111-111111111111', 'c96cc3ca-23d9-40ca-a9d4-217f701767bb', 'PR26040020', '2026-04-20', 'sent_to_sap', 'VF0001', 'Furuno Japan', 380000.00, NULL, 0.00, NULL, NULL, NULL, NULL, NULL, false, '1d57e25a-e741-4cc7-aa88-55276aba0df8', '2026-05-11 17:21:23.433908+07', '2026-05-27 15:19:36.72797+07', NULL, NULL, NULL);
INSERT INTO public.purchase_requests VALUES ('1d3a883a-e459-40ed-bdee-dd50555cc272', '11111111-1111-1111-1111-111111111111', 'de7b0847-7026-4447-b7b8-1cf0b983d44b', 'PR26050023', '2026-05-11', 'pending_manager', 'VF0001', 'Furuno Japan', 28000.00, NULL, 0.00, NULL, NULL, NULL, NULL, NULL, false, '95742447-39bf-46eb-8eea-ed16a808e164', '2026-05-11 17:21:23.433908+07', '2026-05-27 15:19:39.794033+07', NULL, NULL, NULL);


--
-- Data for Name: purchase_orders; Type: TABLE DATA; Schema: public; Owner: -
--

INSERT INTO public.purchase_orders VALUES ('6214068f-ff3e-4218-b1ac-7dd3f9bd6dd4', '11111111-1111-1111-1111-111111111111', '586d4de6-73eb-469d-92d2-7546654ff0dd', '86af0364-4652-4c5a-a2ff-9bff87a74788', 'PO26040015', '2026-04-18', 'sent_to_sap', 'VD0001', 'Marine Electronics Co.', 350000.00, 0.00, NULL, NULL, NULL, NULL, false, '32ae2c60-b3e7-4834-8729-23a4b3ecb2da', '2026-05-11 17:21:23.433908+07', '2026-05-11 17:21:23.433908+07');
INSERT INTO public.purchase_orders VALUES ('16e98d75-9e66-495e-bf30-bd285e643c0d', '11111111-1111-1111-1111-111111111111', 'de7b0847-7026-4447-b7b8-1cf0b983d44b', NULL, 'PO26050003', '2026-05-07', 'approved', 'VF0001', 'Furuno Japan', 62000.00, 0.00, NULL, NULL, NULL, NULL, false, '32ae2c60-b3e7-4834-8729-23a4b3ecb2da', '2026-05-11 17:21:23.433908+07', '2026-05-11 17:21:23.433908+07');
INSERT INTO public.purchase_orders VALUES ('b74376b6-22cb-4850-9d2a-f49344631039', '11111111-1111-1111-1111-111111111111', '6d53551c-2c84-45ba-bac7-518d2bf81287', NULL, 'PO26050004', '2026-05-06', 'approved', 'VD0002', 'Navigation Systems Ltd.', 35500.00, 0.00, NULL, NULL, NULL, NULL, false, '32ae2c60-b3e7-4834-8729-23a4b3ecb2da', '2026-05-11 17:21:23.433908+07', '2026-05-11 17:21:23.433908+07');
INSERT INTO public.purchase_orders VALUES ('ca25eae6-81e2-4183-aba7-bd6e983fffc4', '11111111-1111-1111-1111-111111111111', '5a190f8c-e256-498a-bb0f-4705b960dced', NULL, 'PO26050006', '2026-05-11', 'pending_manager', 'VF0002', 'JRC Global', 1200000.00, 0.00, NULL, NULL, NULL, NULL, false, '32ae2c60-b3e7-4834-8729-23a4b3ecb2da', '2026-05-11 17:21:23.433908+07', '2026-05-11 17:21:23.433908+07');
INSERT INTO public.purchase_orders VALUES ('b52c49bd-dd3c-4011-9301-21fce76fc7ec', '11111111-1111-1111-1111-111111111111', 'b1414314-c8cb-4184-98ac-baebae84a764', NULL, 'PO26050005', '2026-05-10', 'draft', 'VD0001', 'Marine Electronics Co.', 450000.00, 0.00, NULL, NULL, NULL, NULL, false, 'eb90ebce-b926-4e40-82cd-2d746b24b28d', '2026-05-11 17:21:23.433908+07', '2026-05-26 21:40:23.732449+07');
INSERT INTO public.purchase_orders VALUES ('9103b770-480c-43dd-bc15-b757d45eab42', '11111111-1111-1111-1111-111111111111', '6d53551c-2c84-45ba-bac7-518d2bf81287', 'adf29eb4-2720-46d3-9b52-513a02b57f5f', 'PO26050001', '2026-05-03', 'received', 'VD0001', 'Marine Electronics Co.', 120000.00, 0.00, NULL, 15, '290015', '2026-05-29 00:00:03.370867+07', false, '32ae2c60-b3e7-4834-8729-23a4b3ecb2da', '2026-05-11 17:21:23.433908+07', '2026-05-29 00:00:03.370867+07');
INSERT INTO public.purchase_orders VALUES ('c7818595-2624-45b8-b587-9612d7aff90b', '11111111-1111-1111-1111-111111111111', 'c96cc3ca-23d9-40ca-a9d4-217f701767bb', '7f61906d-c3d0-42d7-b8d4-a6f9dd77b4f0', 'PO26030005', '2026-03-08', 'received', 'VD0002', 'Navigation Systems Ltd.', 920000.00, 0.00, NULL, 9, '290009', '2026-05-29 00:00:03.370867+07', false, 'eb90ebce-b926-4e40-82cd-2d746b24b28d', '2026-05-11 17:21:23.433908+07', '2026-05-29 00:00:03.370867+07');
INSERT INTO public.purchase_orders VALUES ('323cea20-6a07-411e-ac9e-a8cafae67d45', '11111111-1111-1111-1111-111111111111', 'c96cc3ca-23d9-40ca-a9d4-217f701767bb', 'c640c3b3-76a9-47e9-933d-b9714c3edfc6', 'PO26040012', '2026-04-22', 'received', 'VF0001', 'Furuno Japan', 380000.00, 0.00, NULL, 21, '290021', '2026-05-29 00:00:03.370867+07', false, 'eb90ebce-b926-4e40-82cd-2d746b24b28d', '2026-05-11 17:21:23.433908+07', '2026-05-29 00:00:03.370867+07');


--
-- Data for Name: goods_receipts; Type: TABLE DATA; Schema: public; Owner: -
--



--
-- Data for Name: ap_invoices; Type: TABLE DATA; Schema: public; Owner: -
--



--
-- Data for Name: ap_invoice_lines; Type: TABLE DATA; Schema: public; Owner: -
--



--
-- Data for Name: approval_matrix; Type: TABLE DATA; Schema: public; Owner: -
--

INSERT INTO public.approval_matrix VALUES ('98d97a5f-6ff2-4432-ac28-4be6e78c9a61', '11111111-1111-1111-1111-111111111111', 'pr', 0.00, 10000.00, 1, 'pm', true, '2026-05-11 16:13:13.73458+07');
INSERT INTO public.approval_matrix VALUES ('be783139-8513-4d3b-a361-274d732ce65f', '11111111-1111-1111-1111-111111111111', 'pr', 10001.00, 100000.00, 1, 'pm', true, '2026-05-11 16:13:13.73458+07');
INSERT INTO public.approval_matrix VALUES ('22e2960a-5f38-44e4-86c9-d46a0481cdca', '11111111-1111-1111-1111-111111111111', 'pr', 10001.00, 100000.00, 2, 'finance', true, '2026-05-11 16:13:13.73458+07');
INSERT INTO public.approval_matrix VALUES ('8fc826de-7489-46fa-92ef-64386d7470d9', '11111111-1111-1111-1111-111111111111', 'pr', 100001.00, 999999999.00, 1, 'pm', true, '2026-05-11 16:13:13.73458+07');
INSERT INTO public.approval_matrix VALUES ('be019e3f-d1f0-440f-8d6f-7c5f15ebef98', '11111111-1111-1111-1111-111111111111', 'pr', 100001.00, 999999999.00, 2, 'finance', true, '2026-05-11 16:13:13.73458+07');
INSERT INTO public.approval_matrix VALUES ('0938fd15-3da3-4f59-b0aa-7c7079e923b8', '11111111-1111-1111-1111-111111111111', 'pr', 100001.00, 999999999.00, 3, 'executive', true, '2026-05-11 16:13:13.73458+07');
INSERT INTO public.approval_matrix VALUES ('346ed359-22ca-4706-9782-fc1347d0d9aa', '11111111-1111-1111-1111-111111111111', 'expense', 0.00, 10000.00, 1, 'pm', true, '2026-05-11 16:13:13.73458+07');
INSERT INTO public.approval_matrix VALUES ('c45cb70f-ef92-4f19-822f-3bd4519239d3', '11111111-1111-1111-1111-111111111111', 'expense', 10001.00, 100000.00, 1, 'pm', true, '2026-05-11 16:13:13.73458+07');
INSERT INTO public.approval_matrix VALUES ('1282baec-8145-44c9-ba2a-55cc493e58c7', '11111111-1111-1111-1111-111111111111', 'expense', 10001.00, 100000.00, 2, 'finance', true, '2026-05-11 16:13:13.73458+07');
INSERT INTO public.approval_matrix VALUES ('2bf6ad49-5d4d-412d-a65a-ca684b39fd45', '11111111-1111-1111-1111-111111111111', 'expense', 100001.00, 999999999.00, 1, 'pm', true, '2026-05-11 16:13:13.73458+07');
INSERT INTO public.approval_matrix VALUES ('b50e64a0-3acc-450e-a5fa-533118bb3a0a', '11111111-1111-1111-1111-111111111111', 'expense', 100001.00, 999999999.00, 2, 'finance', true, '2026-05-11 16:13:13.73458+07');
INSERT INTO public.approval_matrix VALUES ('96d13927-c2a7-4aa2-864a-d95d138c2f91', '11111111-1111-1111-1111-111111111111', 'expense', 100001.00, 999999999.00, 3, 'executive', true, '2026-05-11 16:13:13.73458+07');
INSERT INTO public.approval_matrix VALUES ('879fb53c-5c37-45e3-911a-2e71fc2dc621', '11111111-1111-1111-1111-111111111111', 'budget', 0.00, 999999999.00, 1, 'pm', true, '2026-05-11 16:13:13.73458+07');
INSERT INTO public.approval_matrix VALUES ('9fb8a9d7-712d-410f-9a97-785aceb76c71', '11111111-1111-1111-1111-111111111111', 'budget', 0.00, 999999999.00, 2, 'executive', true, '2026-05-11 16:13:13.73458+07');
INSERT INTO public.approval_matrix VALUES ('3f237f3e-32a5-423c-b2ca-f3b542a72152', '11111111-1111-1111-1111-111111111111', 'ot', 0.00, 999999999.00, 1, 'pm', true, '2026-05-11 16:13:13.73458+07');
INSERT INTO public.approval_matrix VALUES ('c7a2bfb7-8c5d-4457-b618-7509091f1678', '11111111-1111-1111-1111-111111111111', 'ot', 0.00, 999999999.00, 2, 'executive', true, '2026-05-11 16:13:13.73458+07');
INSERT INTO public.approval_matrix VALUES ('1f3ec57f-5e34-4504-a6c5-fb08c2032f79', '11111111-1111-1111-1111-111111111111', 'vehicle', 0.00, 999999999.00, 1, 'pm', true, '2026-05-11 16:13:13.73458+07');
INSERT INTO public.approval_matrix VALUES ('c7363339-af57-458c-ac76-f7f6b8e3e952', '11111111-1111-1111-1111-111111111111', 'travel', 0.00, 100000.00, 1, 'pm', true, '2026-05-11 16:13:13.73458+07');
INSERT INTO public.approval_matrix VALUES ('55a16df4-b909-4814-b726-8785b620e102', '11111111-1111-1111-1111-111111111111', 'travel', 100001.00, 999999999.00, 1, 'pm', true, '2026-05-11 16:13:13.73458+07');
INSERT INTO public.approval_matrix VALUES ('ff60f5e3-de13-4384-9844-5f3f11c50461', '11111111-1111-1111-1111-111111111111', 'travel', 100001.00, 999999999.00, 2, 'executive', true, '2026-05-11 16:13:13.73458+07');


--
-- Data for Name: approval_templates; Type: TABLE DATA; Schema: public; Owner: -
--

INSERT INTO public.approval_templates VALUES ('d935b55b-0209-4021-a23b-99e81a7c2c8c', '11111111-1111-1111-1111-111111111111', 'pr', 0.00, 50000.00, '[{"role": "pm", "action": "approve"}]', true, '2026-05-26 18:30:56.875288+07');
INSERT INTO public.approval_templates VALUES ('48ff8d1b-cf61-4c04-bc4f-a9360b1c57af', '11111111-1111-1111-1111-111111111111', 'pr', 50001.00, 500000.00, '[{"role": "pm", "action": "approve"}, {"role": "finance", "action": "approve"}]', true, '2026-05-26 18:30:56.875288+07');
INSERT INTO public.approval_templates VALUES ('0cc9fcc6-de12-46c7-9603-0ba305e03709', '11111111-1111-1111-1111-111111111111', 'pr', 500001.00, 999999999.00, '[{"role": "pm", "action": "approve"}, {"role": "finance", "action": "approve"}, {"role": "executive", "action": "approve"}]', true, '2026-05-26 18:30:56.875288+07');
INSERT INTO public.approval_templates VALUES ('fcde8e5a-831f-40ed-a361-9d32542ac197', '11111111-1111-1111-1111-111111111111', 'expense', 0.00, 10000.00, '[{"role": "pm", "action": "approve"}]', true, '2026-05-26 18:30:56.875288+07');
INSERT INTO public.approval_templates VALUES ('426494ef-0b66-494f-91c3-c34414ae295a', '11111111-1111-1111-1111-111111111111', 'expense', 10001.00, 100000.00, '[{"role": "pm", "action": "approve"}, {"role": "finance", "action": "approve"}]', true, '2026-05-26 18:30:56.875288+07');
INSERT INTO public.approval_templates VALUES ('b0d56c5c-e76d-4b41-8512-f43cf93d9b0b', '11111111-1111-1111-1111-111111111111', 'expense', 100001.00, 999999999.00, '[{"role": "pm", "action": "approve"}, {"role": "finance", "action": "approve"}, {"role": "executive", "action": "approve"}]', true, '2026-05-26 18:30:56.875288+07');


--
-- Data for Name: approvals; Type: TABLE DATA; Schema: public; Owner: -
--



--
-- Data for Name: attachments; Type: TABLE DATA; Schema: public; Owner: -
--



--
-- Data for Name: budgets; Type: TABLE DATA; Schema: public; Owner: -
--

INSERT INTO public.budgets VALUES ('1908b9bb-0894-47d8-97e2-14659fd30c97', '11111111-1111-1111-1111-111111111111', '6d53551c-2c84-45ba-bac7-518d2bf81287', 'BG-2026-001', 'Budget Marine Nav Phuket', 'approved', 1280000.00, 1235000.00, 1028000.00, 2026, NULL, '1d57e25a-e741-4cc7-aa88-55276aba0df8', '1d57e25a-e741-4cc7-aa88-55276aba0df8', NULL, '2026-05-11 17:21:22.736711+07', '2026-05-11 17:21:22.736711+07', 80, 100, 'warn', NULL, NULL, NULL, 0);
INSERT INTO public.budgets VALUES ('6647043e-dac5-41aa-97b2-58cce6987ce1', '11111111-1111-1111-1111-111111111111', 'de7b0847-7026-4447-b7b8-1cf0b983d44b', 'BG-2026-002', 'Budget Sonar Rayong', 'approved', 950000.00, 920000.00, 460000.00, 2026, NULL, 'b31dbffc-0fd4-42fe-8ae5-a960de5b328d', NULL, NULL, '2026-05-11 17:21:22.736711+07', '2026-05-11 17:21:22.736711+07', 80, 100, 'warn', NULL, NULL, NULL, 0);
INSERT INTO public.budgets VALUES ('be138035-4d1e-419b-9016-451c15a19925', '11111111-1111-1111-1111-111111111111', 'e467ad24-f938-4728-a219-7d61c1dc0823', 'BG-2026-003', 'Budget Radar Bangkok', 'approved', 1100000.00, 1060000.00, 1130000.00, 2026, NULL, 'd0b32103-3b47-45cc-8aa9-5e7030cf226a', NULL, NULL, '2026-05-11 17:21:22.736711+07', '2026-05-11 17:21:22.736711+07', 80, 100, 'warn', NULL, NULL, NULL, 0);
INSERT INTO public.budgets VALUES ('57625273-fcca-483f-94d7-9b657fe717e6', '11111111-1111-1111-1111-111111111111', '10e762e9-bdc9-41d7-9756-0d0ed4cbdfc4', 'BG-2026-004', 'Budget GPS Fleet', 'approved', 650000.00, 630000.00, 598000.00, 2026, NULL, '1d57e25a-e741-4cc7-aa88-55276aba0df8', NULL, NULL, '2026-05-11 17:21:22.736711+07', '2026-05-11 17:21:22.736711+07', 80, 100, 'warn', NULL, NULL, NULL, 0);
INSERT INTO public.budgets VALUES ('1aa6c03d-c005-4f27-8c5b-b6514b69c820', '11111111-1111-1111-1111-111111111111', 'a3e5075c-0484-4631-b718-9af934802de1', 'BG-2026-005', 'Budget Satcom Chonburi', 'approved', 1800000.00, 1750000.00, 1137500.00, 2026, NULL, 'b31dbffc-0fd4-42fe-8ae5-a960de5b328d', NULL, NULL, '2026-05-11 17:21:22.736711+07', '2026-05-11 17:21:22.736711+07', 80, 100, 'warn', NULL, NULL, NULL, 0);
INSERT INTO public.budgets VALUES ('3b7e97e1-e465-409b-8eb6-0ea45c1a739a', '11111111-1111-1111-1111-111111111111', '586d4de6-73eb-469d-92d2-7546654ff0dd', 'BG-2026-006', 'Budget AIS Repeater', 'approved', 720000.00, 700000.00, 280000.00, 2026, NULL, 'd0b32103-3b47-45cc-8aa9-5e7030cf226a', NULL, NULL, '2026-05-11 17:21:23.433908+07', '2026-05-11 17:21:23.433908+07', 80, 100, 'warn', NULL, NULL, NULL, 0);
INSERT INTO public.budgets VALUES ('dae4e663-fcfa-4955-b52e-f8e362578295', '11111111-1111-1111-1111-111111111111', 'b1414314-c8cb-4184-98ac-baebae84a764', 'BG-2026-007', 'Budget Weather Station', 'approved', 1500000.00, 1450000.00, 362500.00, 2026, NULL, 'b31dbffc-0fd4-42fe-8ae5-a960de5b328d', NULL, NULL, '2026-05-11 17:21:23.433908+07', '2026-05-11 17:21:23.433908+07', 80, 100, 'warn', NULL, NULL, NULL, 0);
INSERT INTO public.budgets VALUES ('6074bb67-ff26-4350-b0f0-f5035bd47d1f', '11111111-1111-1111-1111-111111111111', 'c96cc3ca-23d9-40ca-a9d4-217f701767bb', 'BG-2026-008', 'Budget CCTV Laem Chabang', 'approved', 2200000.00, 2100000.00, 1680000.00, 2026, NULL, '1d57e25a-e741-4cc7-aa88-55276aba0df8', NULL, NULL, '2026-05-11 17:21:23.433908+07', '2026-05-11 17:21:23.433908+07', 80, 100, 'warn', NULL, NULL, NULL, 0);
INSERT INTO public.budgets VALUES ('b156347d-a2cf-4616-8041-7228b24feb71', '11111111-1111-1111-1111-111111111111', '5e9c047f-a845-48d6-a2e5-dc1e5fdb323d', 'BG-2026-009', 'Budget Radio Navy', 'pending_manager', 3500000.00, 3400000.00, 0.00, 2026, NULL, '75b4f523-f342-4c11-97b5-26757ccf1449', NULL, NULL, '2026-05-11 17:21:23.433908+07', '2026-05-11 17:21:23.433908+07', 80, 100, 'warn', NULL, NULL, NULL, 0);
INSERT INTO public.budgets VALUES ('badf579e-754d-48d1-b97c-b5fe0823460b', '11111111-1111-1111-1111-111111111111', 'd8838034-b3f2-4781-83df-4f5f00a41061', 'BG-2026-010', 'Budget Echo Sounder', 'approved', 350000.00, 340000.00, 340000.00, 2026, NULL, 'b31dbffc-0fd4-42fe-8ae5-a960de5b328d', NULL, NULL, '2026-05-11 17:21:23.433908+07', '2026-05-11 17:21:23.433908+07', 80, 100, 'warn', NULL, NULL, NULL, 0);
INSERT INTO public.budgets VALUES ('e3d27ecf-7480-405d-ba92-29354375d63e', '11111111-1111-1111-1111-111111111111', '5a190f8c-e256-498a-bb0f-4705b960dced', 'BG-2026-011', 'Budget VTS Map Ta Phut', 'approved', 4800000.00, 4600000.00, 920000.00, 2026, NULL, 'd0b32103-3b47-45cc-8aa9-5e7030cf226a', NULL, NULL, '2026-05-11 17:21:23.433908+07', '2026-05-11 17:21:23.433908+07', 80, 100, 'warn', NULL, NULL, NULL, 0);
INSERT INTO public.budgets VALUES ('2fb1d5d3-d0e1-4e69-b6f0-e6fcbd90fd72', '11111111-1111-1111-1111-111111111111', 'aa52a2af-0912-4d3b-9de7-41f4dcc99fb0', 'BG-2026-012', 'Budget Gyro Ferry', 'approved', 900000.00, 880000.00, 865000.00, 2026, NULL, '1d57e25a-e741-4cc7-aa88-55276aba0df8', NULL, NULL, '2026-05-11 17:21:23.433908+07', '2026-05-11 17:21:23.433908+07', 80, 100, 'warn', NULL, NULL, NULL, 0);


--
-- Data for Name: budget_lines; Type: TABLE DATA; Schema: public; Owner: -
--

INSERT INTO public.budget_lines VALUES ('8fa11dba-3c32-487c-a028-ab3a51a90a49', '1908b9bb-0894-47d8-97e2-14659fd30c97', 'Material - Sounder', 'material', 500000.00, 480000.00, 320000.00, '114101', 1, '2026-05-11 17:21:22.736711+07', 40083.33);
INSERT INTO public.budget_lines VALUES ('349f6496-e62b-4c54-8833-b899685719c9', '1908b9bb-0894-47d8-97e2-14659fd30c97', 'Material - Sonar', 'material', 350000.00, 340000.00, 335000.00, '114101', 2, '2026-05-11 17:21:22.736711+07', 40083.33);
INSERT INTO public.budget_lines VALUES ('43cd6cea-6c86-4451-ace1-d385b75c299b', '1908b9bb-0894-47d8-97e2-14659fd30c97', 'Labor - Installation', 'labor', 200000.00, 200000.00, 215000.00, '522601', 3, '2026-05-11 17:21:22.736711+07', 40083.33);
INSERT INTO public.budget_lines VALUES ('6f17a6db-cbf6-48a1-9e24-9076b2a5cfae', '1908b9bb-0894-47d8-97e2-14659fd30c97', 'Labor - Calibration', 'labor', 100000.00, 95000.00, 72000.00, '522601', 4, '2026-05-11 17:21:22.736711+07', 40083.33);
INSERT INTO public.budget_lines VALUES ('81696612-4ab5-4fd9-8e99-1d50649258c3', '1908b9bb-0894-47d8-97e2-14659fd30c97', 'Transportation', 'transport', 80000.00, 75000.00, 68000.00, '522701', 5, '2026-05-11 17:21:22.736711+07', 40083.33);
INSERT INTO public.budget_lines VALUES ('091946c9-19a1-4099-825a-f703df545f23', '1908b9bb-0894-47d8-97e2-14659fd30c97', 'Misc / Contingency', 'misc', 50000.00, 45000.00, 18000.00, '522709', 6, '2026-05-11 17:21:22.736711+07', 40083.33);
INSERT INTO public.budget_lines VALUES ('72a43cd3-9214-44f1-913a-fe9ad67157ed', '3b7e97e1-e465-409b-8eb6-0ea45c1a739a', 'AIS Transponder x3', 'material', 360000.00, 350000.00, 180000.00, '114101', 1, '2026-05-11 17:21:23.433908+07', 102500.00);
INSERT INTO public.budget_lines VALUES ('d48d1284-bde2-4c67-9bbe-422f885d69d6', '3b7e97e1-e465-409b-8eb6-0ea45c1a739a', 'Antenna & Cable', 'material', 120000.00, 115000.00, 60000.00, '114101', 2, '2026-05-11 17:21:23.433908+07', 102500.00);
INSERT INTO public.budget_lines VALUES ('e677c181-9c5c-418f-ac18-e60bc922c69c', '3b7e97e1-e465-409b-8eb6-0ea45c1a739a', 'Installation Labor', 'labor', 180000.00, 175000.00, 30000.00, '522601', 3, '2026-05-11 17:21:23.433908+07', 102500.00);
INSERT INTO public.budget_lines VALUES ('7d1024a5-37f7-4d5e-b54f-e56275d6b680', '3b7e97e1-e465-409b-8eb6-0ea45c1a739a', 'Transportation', 'transport', 60000.00, 60000.00, 10000.00, '522701', 4, '2026-05-11 17:21:23.433908+07', 102500.00);
INSERT INTO public.budget_lines VALUES ('a12a83e9-edd7-49d2-85ba-3e63b427905e', '6074bb67-ff26-4350-b0f0-f5035bd47d1f', 'CCTV Camera x24', 'material', 960000.00, 920000.00, 900000.00, '114101', 1, '2026-05-11 17:21:23.433908+07', 0.00);
INSERT INTO public.budget_lines VALUES ('dcaa3433-ae41-46f4-ba6c-daac976c2ed5', '6074bb67-ff26-4350-b0f0-f5035bd47d1f', 'NVR Server x2', 'material', 400000.00, 380000.00, 370000.00, '114101', 2, '2026-05-11 17:21:23.433908+07', 0.00);
INSERT INTO public.budget_lines VALUES ('4812926b-b780-40ad-b522-cc1ab7eccec1', '6074bb67-ff26-4350-b0f0-f5035bd47d1f', 'Network Switch & Cable', 'material', 280000.00, 260000.00, 250000.00, '114101', 3, '2026-05-11 17:21:23.433908+07', 0.00);
INSERT INTO public.budget_lines VALUES ('9e2d3261-cd9b-47db-a742-a82174e666e2', '6074bb67-ff26-4350-b0f0-f5035bd47d1f', 'Installation Labor', 'labor', 350000.00, 340000.00, 100000.00, '522601', 4, '2026-05-11 17:21:23.433908+07', 0.00);
INSERT INTO public.budget_lines VALUES ('c571aa45-d73e-43df-b022-3558bbb964d8', '6074bb67-ff26-4350-b0f0-f5035bd47d1f', 'Software License', 'material', 150000.00, 140000.00, 40000.00, '114101', 5, '2026-05-11 17:21:23.433908+07', 0.00);
INSERT INTO public.budget_lines VALUES ('3fb78728-b23e-4f8e-a9a0-8f37e4e5bdf9', '6074bb67-ff26-4350-b0f0-f5035bd47d1f', 'Misc', 'misc', 60000.00, 60000.00, 20000.00, '522709', 6, '2026-05-11 17:21:23.433908+07', 0.00);
INSERT INTO public.budget_lines VALUES ('a8084923-c21b-4f4f-b0d9-0c128bd0eb3e', '6647043e-dac5-41aa-97b2-58cce6987ce1', 'Material / Equipment', 'material', 475000.00, 460000.00, 230000.00, NULL, 1, '2026-05-26 18:00:56.842522+07', 26750.00);
INSERT INTO public.budget_lines VALUES ('170123bc-a9eb-4985-b3bf-2791b3fbce59', '6647043e-dac5-41aa-97b2-58cce6987ce1', 'Labor / Installation', 'labor', 237500.00, 230000.00, 115000.00, NULL, 2, '2026-05-26 18:00:56.88688+07', 26750.00);
INSERT INTO public.budget_lines VALUES ('84db1244-fc66-4e88-a1b0-e1910b7edda8', '6647043e-dac5-41aa-97b2-58cce6987ce1', 'Transportation', 'transport', 142500.00, 138000.00, 69000.00, NULL, 3, '2026-05-26 18:00:56.887655+07', 26750.00);
INSERT INTO public.budget_lines VALUES ('10e95ecc-1740-45d9-b75a-3a618b71fc1b', '6647043e-dac5-41aa-97b2-58cce6987ce1', 'Misc / Contingency', 'misc', 95000.00, 92000.00, 46000.00, NULL, 4, '2026-05-26 18:00:56.888318+07', 26750.00);
INSERT INTO public.budget_lines VALUES ('e3da5026-6f71-459b-ad6b-953c3718ea78', 'be138035-4d1e-419b-9016-451c15a19925', 'Material / Equipment', 'material', 550000.00, 530000.00, 565000.00, NULL, 1, '2026-05-26 18:00:56.890009+07', 45000.00);
INSERT INTO public.budget_lines VALUES ('23eb2cea-5a48-414f-ae2b-4ecdf8099ff3', 'be138035-4d1e-419b-9016-451c15a19925', 'Labor / Installation', 'labor', 275000.00, 265000.00, 282500.00, NULL, 2, '2026-05-26 18:00:56.890728+07', 45000.00);
INSERT INTO public.budget_lines VALUES ('5cec6bb3-1aef-4ce7-8504-b81392b2932a', 'be138035-4d1e-419b-9016-451c15a19925', 'Transportation', 'transport', 165000.00, 159000.00, 169500.00, NULL, 3, '2026-05-26 18:00:56.891979+07', 45000.00);
INSERT INTO public.budget_lines VALUES ('518ec7dc-17fa-43d5-9c60-9ed47d177672', 'be138035-4d1e-419b-9016-451c15a19925', 'Misc / Contingency', 'misc', 110000.00, 106000.00, 113000.00, NULL, 4, '2026-05-26 18:00:56.892596+07', 45000.00);
INSERT INTO public.budget_lines VALUES ('eb2a9373-fb91-40ac-b3ee-c1d3e92861b4', '57625273-fcca-483f-94d7-9b657fe717e6', 'Material / Equipment', 'material', 325000.00, 315000.00, 299000.00, NULL, 1, '2026-05-26 18:00:56.89326+07', 1950.00);
INSERT INTO public.budget_lines VALUES ('d0ea58dd-a36b-4cf3-a663-945f94b5ec24', '57625273-fcca-483f-94d7-9b657fe717e6', 'Labor / Installation', 'labor', 162500.00, 157500.00, 149500.00, NULL, 2, '2026-05-26 18:00:56.893811+07', 1950.00);
INSERT INTO public.budget_lines VALUES ('dca01444-1171-4908-ba91-39d9943add80', '57625273-fcca-483f-94d7-9b657fe717e6', 'Transportation', 'transport', 97500.00, 94500.00, 89700.00, NULL, 3, '2026-05-26 18:00:56.894335+07', 1950.00);
INSERT INTO public.budget_lines VALUES ('1d34020c-aa41-4bfa-a2d0-175a8ed1f0e8', '57625273-fcca-483f-94d7-9b657fe717e6', 'Misc / Contingency', 'misc', 65000.00, 63000.00, 59800.00, NULL, 4, '2026-05-26 18:00:56.894845+07', 1950.00);
INSERT INTO public.budget_lines VALUES ('ea31202b-6737-4f2d-aa72-807e26943976', '1aa6c03d-c005-4f27-8c5b-b6514b69c820', 'Material / Equipment', 'material', 900000.00, 875000.00, 568750.00, NULL, 1, '2026-05-26 18:00:56.895397+07', 0.00);
INSERT INTO public.budget_lines VALUES ('a74b5c20-0204-4bc2-a4fb-e2903c9ea514', '1aa6c03d-c005-4f27-8c5b-b6514b69c820', 'Labor / Installation', 'labor', 450000.00, 437500.00, 284375.00, NULL, 2, '2026-05-26 18:00:56.895876+07', 0.00);
INSERT INTO public.budget_lines VALUES ('136d63e2-19db-4a2b-96cb-dbbe016c9867', '1aa6c03d-c005-4f27-8c5b-b6514b69c820', 'Transportation', 'transport', 270000.00, 262500.00, 170625.00, NULL, 3, '2026-05-26 18:00:56.896386+07', 0.00);
INSERT INTO public.budget_lines VALUES ('39451a92-14cc-44a4-84e1-c5262b184424', '1aa6c03d-c005-4f27-8c5b-b6514b69c820', 'Misc / Contingency', 'misc', 180000.00, 175000.00, 113750.00, NULL, 4, '2026-05-26 18:00:56.896916+07', 0.00);
INSERT INTO public.budget_lines VALUES ('3b0310a0-3e09-4c26-b253-25c40af2942a', 'dae4e663-fcfa-4955-b52e-f8e362578295', 'Material / Equipment', 'material', 750000.00, 725000.00, 181250.00, NULL, 1, '2026-05-26 18:00:56.897465+07', 112500.00);
INSERT INTO public.budget_lines VALUES ('aebd63bc-9570-4114-b1d8-c308ed704377', 'dae4e663-fcfa-4955-b52e-f8e362578295', 'Labor / Installation', 'labor', 375000.00, 362500.00, 90625.00, NULL, 2, '2026-05-26 18:00:56.898002+07', 112500.00);
INSERT INTO public.budget_lines VALUES ('60a9d984-f927-49ec-895a-5201a05d4ee4', 'dae4e663-fcfa-4955-b52e-f8e362578295', 'Transportation', 'transport', 225000.00, 217500.00, 54375.00, NULL, 3, '2026-05-26 18:00:56.899498+07', 112500.00);
INSERT INTO public.budget_lines VALUES ('f8e7c62f-f7a4-47bf-9822-53c167278230', 'dae4e663-fcfa-4955-b52e-f8e362578295', 'Misc / Contingency', 'misc', 150000.00, 145000.00, 36250.00, NULL, 4, '2026-05-26 18:00:56.899819+07', 112500.00);
INSERT INTO public.budget_lines VALUES ('bc51eb8e-ecad-4fef-a65b-dbf7e9df2c4e', 'b156347d-a2cf-4616-8041-7228b24feb71', 'Material / Equipment', 'material', 1750000.00, 1700000.00, 0.00, NULL, 1, '2026-05-26 18:00:56.900183+07', 0.00);
INSERT INTO public.budget_lines VALUES ('cfa8307a-d83d-4ed7-af52-565dbb24dbf2', 'b156347d-a2cf-4616-8041-7228b24feb71', 'Labor / Installation', 'labor', 875000.00, 850000.00, 0.00, NULL, 2, '2026-05-26 18:00:56.900673+07', 0.00);
INSERT INTO public.budget_lines VALUES ('b4b73ce9-7206-4070-a7b1-52b6dcf71fa2', 'b156347d-a2cf-4616-8041-7228b24feb71', 'Transportation', 'transport', 525000.00, 510000.00, 0.00, NULL, 3, '2026-05-26 18:00:56.901002+07', 0.00);
INSERT INTO public.budget_lines VALUES ('b2674839-9abe-40b7-bccb-91c37f99a693', 'b156347d-a2cf-4616-8041-7228b24feb71', 'Misc / Contingency', 'misc', 350000.00, 340000.00, 0.00, NULL, 4, '2026-05-26 18:00:56.901347+07', 0.00);
INSERT INTO public.budget_lines VALUES ('f19bc674-9452-4da1-8e92-1e257cda8449', 'badf579e-754d-48d1-b97c-b5fe0823460b', 'Material / Equipment', 'material', 175000.00, 170000.00, 170000.00, NULL, 1, '2026-05-26 18:00:56.901729+07', 0.00);
INSERT INTO public.budget_lines VALUES ('0b66f9ab-bfee-40cb-8996-7a38b64feb70', 'badf579e-754d-48d1-b97c-b5fe0823460b', 'Labor / Installation', 'labor', 87500.00, 85000.00, 85000.00, NULL, 2, '2026-05-26 18:00:56.902056+07', 0.00);
INSERT INTO public.budget_lines VALUES ('86eafa12-30b9-4dde-88f4-65683d674e44', 'badf579e-754d-48d1-b97c-b5fe0823460b', 'Transportation', 'transport', 52500.00, 51000.00, 51000.00, NULL, 3, '2026-05-26 18:00:56.902381+07', 0.00);
INSERT INTO public.budget_lines VALUES ('0c1aa06b-ae3c-44b7-83ed-a86dd6565e77', 'badf579e-754d-48d1-b97c-b5fe0823460b', 'Misc / Contingency', 'misc', 35000.00, 34000.00, 34000.00, NULL, 4, '2026-05-26 18:00:56.902714+07', 0.00);
INSERT INTO public.budget_lines VALUES ('f40e52dd-b3dc-41cd-acff-f9f00ea85921', 'e3d27ecf-7480-405d-ba92-29354375d63e', 'Material / Equipment', 'material', 2400000.00, 2300000.00, 460000.00, NULL, 1, '2026-05-26 18:00:56.903093+07', 512500.00);
INSERT INTO public.budget_lines VALUES ('c54c53cb-9e86-4e5f-9da2-1ba9ca4408b5', 'e3d27ecf-7480-405d-ba92-29354375d63e', 'Labor / Installation', 'labor', 1200000.00, 1150000.00, 230000.00, NULL, 2, '2026-05-26 18:00:56.903468+07', 512500.00);
INSERT INTO public.budget_lines VALUES ('55d2f16f-daff-4761-b830-6f344034763e', 'e3d27ecf-7480-405d-ba92-29354375d63e', 'Transportation', 'transport', 720000.00, 690000.00, 138000.00, NULL, 3, '2026-05-26 18:00:56.903821+07', 512500.00);
INSERT INTO public.budget_lines VALUES ('eef3dac0-04c2-4ac7-a0a1-6a7bdaf1ebfd', 'e3d27ecf-7480-405d-ba92-29354375d63e', 'Misc / Contingency', 'misc', 480000.00, 460000.00, 92000.00, NULL, 4, '2026-05-26 18:00:56.904178+07', 512500.00);
INSERT INTO public.budget_lines VALUES ('e8670bf9-ed07-4051-a7d3-30b22adfb634', '2fb1d5d3-d0e1-4e69-b6f0-e6fcbd90fd72', 'Material / Equipment', 'material', 450000.00, 440000.00, 432500.00, NULL, 1, '2026-05-26 18:00:56.904568+07', 0.00);
INSERT INTO public.budget_lines VALUES ('a8b3ad0c-d42f-4c75-b064-bec10d1b1bc2', '2fb1d5d3-d0e1-4e69-b6f0-e6fcbd90fd72', 'Labor / Installation', 'labor', 225000.00, 220000.00, 216250.00, NULL, 2, '2026-05-26 18:00:56.904946+07', 0.00);
INSERT INTO public.budget_lines VALUES ('0bb95d03-a167-43ce-aec5-b7dee8e80eda', '2fb1d5d3-d0e1-4e69-b6f0-e6fcbd90fd72', 'Transportation', 'transport', 135000.00, 132000.00, 129750.00, NULL, 3, '2026-05-26 18:00:56.905295+07', 0.00);
INSERT INTO public.budget_lines VALUES ('3268d7da-6b0c-489c-af82-6588c22a0b96', '2fb1d5d3-d0e1-4e69-b6f0-e6fcbd90fd72', 'Misc / Contingency', 'misc', 90000.00, 88000.00, 86500.00, NULL, 4, '2026-05-26 18:00:56.905643+07', 0.00);


--
-- Data for Name: budget_periods; Type: TABLE DATA; Schema: public; Owner: -
--



--
-- Data for Name: budget_revisions; Type: TABLE DATA; Schema: public; Owner: -
--



--
-- Data for Name: budget_transfers; Type: TABLE DATA; Schema: public; Owner: -
--



--
-- Data for Name: business_partners; Type: TABLE DATA; Schema: public; Owner: -
--

INSERT INTO public.business_partners VALUES ('e96fd71c-1bb3-482d-9b51-142ece1e1b41', '11111111-1111-1111-1111-111111111111', 'VD0001', 'Marine Electronics Co., Ltd.', 'บจก. มารีน อิเล็กทรอนิกส์', 'vendor', 'Somchai K.', '02-123-4567', 'sales@marine-elec.co.th', NULL, '0105555000001', 30, 'THB', 'SCB', '111-2-33344-5', '211301', true, '2026-05-28 17:23:37.329307+07');
INSERT INTO public.business_partners VALUES ('61d00c92-c918-474a-a9e9-e7090371f944', '11111111-1111-1111-1111-111111111111', 'VD0002', 'Navigation Systems Ltd.', 'บจก. เนวิเกชั่น ซิสเต็มส์', 'vendor', 'Wichai P.', '02-234-5678', 'info@navsys.co.th', NULL, '0105555000002', 30, 'THB', 'KBank', '222-3-44455-6', '211301', true, '2026-05-28 17:23:37.330721+07');
INSERT INTO public.business_partners VALUES ('a28e274a-9fa0-4398-8c18-90c06d7eb02b', '11111111-1111-1111-1111-111111111111', 'VF0001', 'Furuno Japan Co., Ltd.', 'บจก. ฟูรูโน เจแปน', 'vendor', 'Tanaka S.', '+81-3-1234-5678', 'export@furuno.co.jp', NULL, '', 60, 'THB', 'SMBC', 'JP-999-888-777', '211302', true, '2026-05-28 17:23:37.331842+07');
INSERT INTO public.business_partners VALUES ('070673f6-f427-4029-8375-6286da930814', '11111111-1111-1111-1111-111111111111', 'VF0002', 'JRC Global Trading', 'บจก. เจอาร์ซี โกลบอล', 'vendor', 'Yamada K.', '+81-3-9876-5432', 'trade@jrc-global.com', NULL, '', 60, 'THB', 'Mizuho', 'JP-111-222-333', '211302', true, '2026-05-28 17:23:37.332544+07');
INSERT INTO public.business_partners VALUES ('456f163a-6590-4ced-977d-5dd8c73d575f', '11111111-1111-1111-1111-111111111111', 'VO0001', 'General Supplier Co., Ltd.', 'บจก. เจเนอรัล ซัพพลายเออร์', 'vendor', 'Prasert W.', '02-345-6789', 'order@gensup.co.th', NULL, '0105555000005', 15, 'THB', 'BBL', '333-4-55566-7', '211301', true, '2026-05-28 17:23:37.333747+07');
INSERT INTO public.business_partners VALUES ('dda3d70e-d672-4968-8803-54e78bacdb56', '11111111-1111-1111-1111-111111111111', 'VD0003', 'Thai Cable & Wire Co., Ltd.', 'บจก. ไทย เคเบิ้ล แอนด์ ไวร์', 'vendor', 'Anan S.', '02-456-7890', 'sales@thaicable.co.th', NULL, '0105555000006', 30, 'THB', 'TMB', '444-5-66677-8', '211301', true, '2026-05-28 17:23:37.334375+07');
INSERT INTO public.business_partners VALUES ('0387ef3f-08aa-4aa1-a135-bc6c68ddc0e8', '11111111-1111-1111-1111-111111111111', 'VD0004', 'Power Solutions Thailand', 'บจก. พาวเวอร์ โซลูชั่น', 'vendor', 'Narong P.', '02-567-8901', 'info@powersol.co.th', NULL, '0105555000007', 30, 'THB', 'SCB', '555-6-77788-9', '211301', true, '2026-05-28 17:23:37.335209+07');
INSERT INTO public.business_partners VALUES ('ac14b674-32a6-4830-88b3-382fee20da2e', '11111111-1111-1111-1111-111111111111', 'VD0005', 'CCTV Security Systems', 'บจก. ซีซีทีวี ซีเคียวริตี้', 'vendor', 'Kittisak M.', '02-678-9012', 'sales@cctvsec.co.th', NULL, '0105555000008', 30, 'THB', 'KBank', '666-7-88899-0', '211301', true, '2026-05-28 17:23:37.336399+07');
INSERT INTO public.business_partners VALUES ('4708ab4c-ca05-46a9-aa19-c0a1cedc6982', '11111111-1111-1111-1111-111111111111', 'CS0001', 'Royal Thai Navy', 'กองทัพเรือ', 'customer', 'Capt. Panya', '02-475-5555', 'procurement@navy.mi.th', NULL, '0994000000001', 30, 'THB', '', '', '113101', true, '2026-05-28 17:23:37.336843+07');
INSERT INTO public.business_partners VALUES ('571d8253-b29c-404c-8190-9874a5e54438', '11111111-1111-1111-1111-111111111111', 'CS0002', 'Port Authority of Thailand', 'การท่าเรือแห่งประเทศไทย', 'customer', 'Suthep R.', '02-269-3000', 'tender@port.go.th', NULL, '0994000000002', 30, 'THB', '', '', '113101', true, '2026-05-28 17:23:37.337265+07');


--
-- Data for Name: calendar_events; Type: TABLE DATA; Schema: public; Owner: -
--



--
-- Data for Name: discussion_threads; Type: TABLE DATA; Schema: public; Owner: -
--

INSERT INTO public.discussion_threads VALUES ('c1c07c13-01dc-45f5-9386-9b13aecd57e6', 'e467ad24-f938-4728-a219-7d61c1dc0823', 'Old radar removal timeline', 'Old radar can be removed in 3 days. Need crane on day 2. Budget for crane rental approved.', 'ebee042c-0b67-4061-8ae0-6755b8549575', false, 1, '2026-05-28 16:04:16.211623+07', '2026-05-28 16:04:16.187745+07');
INSERT INTO public.discussion_threads VALUES ('5957ed4a-558e-467d-acc2-cc84d5230c71', 'e467ad24-f938-4728-a219-7d61c1dc0823', 'New Wave Radar specs review', 'Reviewed specs from manufacturer. Meets all requirements. Recommend proceeding with order.', 'b31dbffc-0fd4-42fe-8ae5-a960de5b328d', false, 1, '2026-05-28 16:04:16.212245+07', '2026-05-28 16:04:16.1883+07');
INSERT INTO public.discussion_threads VALUES ('92f4efd6-66db-4481-a483-aa9d946eaed3', 'e467ad24-f938-4728-a219-7d61c1dc0823', 'Installation team schedule', 'Team available from June 5. Need to confirm with client for site access.', '1d57e25a-e741-4cc7-aa88-55276aba0df8', false, 1, '2026-05-28 16:04:16.212853+07', '2026-05-28 16:04:16.188792+07');
INSERT INTO public.discussion_threads VALUES ('fb838033-decf-4aff-af0b-520d951689a1', 'aa52a2af-0912-4d3b-9de7-41f4dcc99fb0', 'สวัสดี', 'สวัสดี', '0de45976-9d75-4fcb-a288-ad01f34e32f0', false, 3, '2026-05-28 16:04:16.198218+07', '2026-05-28 16:02:15.352928+07');
INSERT INTO public.discussion_threads VALUES ('60dc7bda-6594-4d94-96bc-cf796c6c2be8', 'aa52a2af-0912-4d3b-9de7-41f4dcc99fb0', 'สส', '', '0de45976-9d75-4fcb-a288-ad01f34e32f0', false, 2, '2026-05-28 16:04:16.199085+07', '2026-05-28 16:02:23.838468+07');
INSERT INTO public.discussion_threads VALUES ('b6ab7aeb-6dc1-4af5-9e1d-c9eab29a2f1a', '6d53551c-2c84-45ba-bac7-518d2bf81287', 'GPS module delay from supplier', 'Supplier informed 2-week delay on GPS module shipment. Need to adjust installation schedule accordingly.', '1d57e25a-e741-4cc7-aa88-55276aba0df8', false, 3, '2026-05-28 16:04:16.20162+07', '2026-05-28 16:04:16.171414+07');
INSERT INTO public.discussion_threads VALUES ('19f1c4a3-680c-4e98-9a4e-cd27eb0d3531', '10e762e9-bdc9-41d7-9756-0d0ed4cbdfc4', 'Fleet tracking app integration', 'GPS tracking API ready. Need to test with 5 vehicles first before full rollout.', '1d57e25a-e741-4cc7-aa88-55276aba0df8', false, 3, '2026-05-28 16:04:16.215419+07', '2026-05-28 16:04:16.18926+07');
INSERT INTO public.discussion_threads VALUES ('0b9285bd-d7ce-47a4-be54-cf113db3cfed', 'a3e5075c-0484-4631-b718-9af934802de1', 'Satcom antenna alignment', 'Antenna needs precise alignment within 0.1 degree. Hiring specialist from Bangkok.', 'b31dbffc-0fd4-42fe-8ae5-a960de5b328d', false, 1, '2026-05-28 16:04:16.216167+07', '2026-05-28 16:04:16.190432+07');
INSERT INTO public.discussion_threads VALUES ('3acd8a16-6fb0-4689-8e10-e8eecec60bd9', '6d53551c-2c84-45ba-bac7-518d2bf81287', 'Client requested additional sonar depth', 'Client wants to add 500m depth capability. Need to evaluate cost impact and timeline.', 'b31dbffc-0fd4-42fe-8ae5-a960de5b328d', false, 3, '2026-05-28 16:04:16.203496+07', '2026-05-28 16:04:16.184597+07');
INSERT INTO public.discussion_threads VALUES ('555a8e3c-7617-4cb6-88e8-f4c4b9a0dcc4', '6d53551c-2c84-45ba-bac7-518d2bf81287', 'Power supply spec confirmed', 'Engineering confirmed 220V/50Hz supply available at installation site. No transformer needed.', 'd0b32103-3b47-45cc-8aa9-5e7030cf226a', false, 1, '2026-05-28 16:04:16.2042+07', '2026-05-28 16:04:16.185342+07');
INSERT INTO public.discussion_threads VALUES ('0586305a-3c80-4491-935e-25b8e286c7d2', 'de7b0847-7026-4447-b7b8-1cf0b983d44b', 'Sonar calibration issue', 'Calibration test failed at 200m depth. Suspect transducer mounting angle. Need re-test.', 'b31dbffc-0fd4-42fe-8ae5-a960de5b328d', false, 3, '2026-05-28 16:04:16.207054+07', '2026-05-28 16:04:16.185946+07');
INSERT INTO public.discussion_threads VALUES ('1ef0904b-4f9e-44c3-92cb-42aa385a4f17', 'a3e5075c-0484-4631-b718-9af934802de1', 'Weather window for installation', 'Best weather window is April-May. Monsoon season starts June. Must complete before then.', 'ebee042c-0b67-4061-8ae0-6755b8549575', false, 3, '2026-05-28 16:04:16.218008+07', '2026-05-28 16:04:16.190874+07');
INSERT INTO public.discussion_threads VALUES ('4adee688-f702-4dfa-b965-4fb30d6225d3', 'de7b0847-7026-4447-b7b8-1cf0b983d44b', 'Vendor quotation comparison', 'Received quotes from 3 vendors. Furuno cheapest but JRC has better warranty. Discuss.', 'd0b32103-3b47-45cc-8aa9-5e7030cf226a', false, 3, '2026-05-28 16:04:16.209107+07', '2026-05-28 16:04:16.18653+07');
INSERT INTO public.discussion_threads VALUES ('99216d58-0a28-4de7-9801-fed31fd11307', 'b1414314-c8cb-4184-98ac-baebae84a764', 'Weather station sensor selection', 'Comparing Davis vs Campbell Scientific. Davis cheaper, Campbell more accurate.', 'b31dbffc-0fd4-42fe-8ae5-a960de5b328d', false, 2, '2026-05-28 16:04:16.21925+07', '2026-05-28 16:04:16.191377+07');
INSERT INTO public.discussion_threads VALUES ('b67e8f10-fb5f-43a7-9eef-a8d7dbd8a394', 'e467ad24-f938-4728-a219-7d61c1dc0823', 'Radar site survey report', 'Site survey completed. Building B rooftop confirmed. Good line of sight. Photos attached.', 'd0b32103-3b47-45cc-8aa9-5e7030cf226a', false, 2, '2026-05-28 16:04:16.210489+07', '2026-05-28 16:04:16.187086+07');
INSERT INTO public.discussion_threads VALUES ('97669477-f9e4-4574-9c2c-65c5e84da6aa', 'c96cc3ca-23d9-40ca-a9d4-217f701767bb', 'CCTV camera placement plan', 'Proposed 24 cameras covering all entry/exit points. Client approved layout.', 'd0b32103-3b47-45cc-8aa9-5e7030cf226a', false, 3, '2026-05-28 16:04:16.222855+07', '2026-05-28 16:04:16.191796+07');
INSERT INTO public.discussion_threads VALUES ('1465014b-0cc7-428f-add3-7963948a2617', 'c96cc3ca-23d9-40ca-a9d4-217f701767bb', 'Network bandwidth requirement', '24 cameras at 4K need 200Mbps minimum. Current infrastructure has 100Mbps. Need upgrade.', 'ebee042c-0b67-4061-8ae0-6755b8549575', false, 3, '2026-05-28 16:04:16.224814+07', '2026-05-28 16:04:16.192252+07');


--
-- Data for Name: discussions; Type: TABLE DATA; Schema: public; Owner: -
--

INSERT INTO public.discussions VALUES ('0569587f-53da-4300-aee5-81aa7e581946', '6d53551c-2c84-45ba-bac7-518d2bf81287', '1d57e25a-e741-4cc7-aa88-55276aba0df8', 'ทีม GPS calibration Phuket 15-17 May ใครไปบ้าง confirm ด้วยครับ', NULL, '2026-05-08 17:21:23.433908+07', '2026-05-11 17:21:23.433908+07', NULL);
INSERT INTO public.discussions VALUES ('c912033a-405d-44fa-b481-c676a022de13', '6d53551c-2c84-45ba-bac7-518d2bf81287', 'd0b32103-3b47-45cc-8aa9-5e7030cf226a', 'ผมไปครับ + คุณศิริขวัญ', NULL, '2026-05-08 17:21:23.433908+07', '2026-05-11 17:21:23.433908+07', NULL);
INSERT INTO public.discussions VALUES ('e5487ff1-c921-4c73-ac21-881f84b0a5a7', '6d53551c-2c84-45ba-bac7-518d2bf81287', '95742447-39bf-46eb-8eea-ed16a808e164', 'ขอเลื่อน confirm เป็นวันพรุ่งนี้ได้ไหมคะ', NULL, '2026-05-09 17:21:23.433908+07', '2026-05-11 17:21:23.433908+07', NULL);
INSERT INTO public.discussions VALUES ('f73d1511-d863-482d-9a9c-4437e453ae0f', 'c96cc3ca-23d9-40ca-a9d4-217f701767bb', '1d57e25a-e741-4cc7-aa88-55276aba0df8', 'Zone C ติดตั้งเสร็จแล้ว รอ review จากคุณวินิจ', NULL, '2026-05-10 17:21:23.433908+07', '2026-05-11 17:21:23.433908+07', NULL);
INSERT INTO public.discussions VALUES ('15efda82-456c-47ab-a914-ac9c7d14da47', 'c96cc3ca-23d9-40ca-a9d4-217f701767bb', 'b31dbffc-0fd4-42fe-8ae5-a960de5b328d', 'รับทราบครับ จะ review ภายในวันนี้', NULL, '2026-05-10 17:21:23.433908+07', '2026-05-11 17:21:23.433908+07', NULL);
INSERT INTO public.discussions VALUES ('d92efbcd-7626-4520-8834-78f4fe8f8fa3', 'c96cc3ca-23d9-40ca-a9d4-217f701767bb', '24d99416-9114-405c-ac4d-97707f282c5c', 'NVR Software ต้องใช้ license ตัวใหม่ ราคา 85K ส่ง expense แล้วครับ', NULL, '2026-05-10 17:21:23.433908+07', '2026-05-11 17:21:23.433908+07', NULL);
INSERT INTO public.discussions VALUES ('d1d6c404-9754-49e2-a333-b61052dc02b0', '5a190f8c-e256-498a-bb0f-4705b960dced', 'd0b32103-3b47-45cc-8aa9-5e7030cf226a', 'VTS scope ใหญ่มาก ต้องจัดทีม 4 คนลงพื้นที่', NULL, '2026-05-06 17:21:23.433908+07', '2026-05-11 17:21:23.433908+07', NULL);
INSERT INTO public.discussions VALUES ('67549294-d268-405c-8299-c179ede24f3a', '5a190f8c-e256-498a-bb0f-4705b960dced', 'b31dbffc-0fd4-42fe-8ae5-a960de5b328d', 'ผมว่างช่วง 28-30 May ครับ', NULL, '2026-05-07 17:21:23.433908+07', '2026-05-11 17:21:23.433908+07', NULL);
INSERT INTO public.discussions VALUES ('3fa22ffd-7d27-4d92-986a-1c1d13bebf11', 'e467ad24-f938-4728-a219-7d61c1dc0823', 'd0b32103-3b47-45cc-8aa9-5e7030cf226a', 'Site survey done. Location confirmed at Building B rooftop. Good line of sight.', NULL, '2026-03-15 17:00:00+07', '2026-05-27 13:34:48.667239+07', NULL);
INSERT INTO public.discussions VALUES ('84cc8da7-d508-489a-9650-1374ae4352ef', 'e467ad24-f938-4728-a219-7d61c1dc0823', 'ebee042c-0b67-4061-8ae0-6755b8549575', 'Old radar removal will take 3 days. Need crane on day 2.', NULL, '2026-04-18 17:00:00+07', '2026-05-27 13:34:48.668498+07', NULL);
INSERT INTO public.discussions VALUES ('694acd47-9dca-4732-9152-59964cb5a854', 'e467ad24-f938-4728-a219-7d61c1dc0823', 'b31dbffc-0fd4-42fe-8ae5-a960de5b328d', 'New radar arrived at warehouse. Quality check passed.', NULL, '2026-04-06 17:00:00+07', '2026-05-27 13:34:48.668897+07', NULL);
INSERT INTO public.discussions VALUES ('2aec6da4-bc1a-4b54-8da4-c1b627373eeb', 'e467ad24-f938-4728-a219-7d61c1dc0823', 'ebee042c-0b67-4061-8ae0-6755b8549575', 'Cable length confirmed 250m. Need additional conduit for outdoor section.', NULL, '2026-04-22 17:00:00+07', '2026-05-27 13:34:48.669354+07', NULL);
INSERT INTO public.discussions VALUES ('f4ebbcce-b031-4bbb-9902-a443e8b5b063', 'e467ad24-f938-4728-a219-7d61c1dc0823', 'd0b32103-3b47-45cc-8aa9-5e7030cf226a', 'Client requested additional monitoring point. Need to reassess scope.', NULL, '2026-05-05 17:00:00+07', '2026-05-27 13:34:48.66998+07', NULL);
INSERT INTO public.discussions VALUES ('075b0f5b-a2e1-4656-b5eb-d819b532542f', 'e467ad24-f938-4728-a219-7d61c1dc0823', '1d57e25a-e741-4cc7-aa88-55276aba0df8', 'Installation team available from June 5. Confirm with client.', NULL, '2026-05-15 17:00:00+07', '2026-05-27 13:34:48.670653+07', NULL);
INSERT INTO public.discussions VALUES ('f09b556b-670b-49ce-a4e4-fef82d75710e', 'e467ad24-f938-4728-a219-7d61c1dc0823', '95742447-39bf-46eb-8eea-ed16a808e164', 'Crane rental booked for May 25.', NULL, '2026-05-18 17:00:00+07', '2026-05-27 13:34:48.671304+07', NULL);
INSERT INTO public.discussions VALUES ('9d1b91ad-b10c-4a97-b912-d4ae1454fdd4', 'e467ad24-f938-4728-a219-7d61c1dc0823', 'd0b32103-3b47-45cc-8aa9-5e7030cf226a', 'Progress behind schedule. Procurement delayed due to vendor lead time.', NULL, '2026-05-20 17:00:00+07', '2026-05-27 13:34:48.671678+07', NULL);
INSERT INTO public.discussions VALUES ('0b0192ff-a17d-4284-8e7d-e62178ce07f2', '6d53551c-2c84-45ba-bac7-518d2bf81287', '0de45976-9d75-4fcb-a288-ad01f34e32f0', 'Test from API', NULL, '2026-05-28 15:55:08.941136+07', '2026-05-28 15:55:08.941136+07', NULL);
INSERT INTO public.discussions VALUES ('264178ba-84bc-4ab5-9b01-ed9dc5c420bb', 'aa52a2af-0912-4d3b-9de7-41f4dcc99fb0', '0de45976-9d75-4fcb-a288-ad01f34e32f0', 'าสกสเ', NULL, '2026-05-28 15:57:42.419735+07', '2026-05-28 15:57:42.419735+07', NULL);
INSERT INTO public.discussions VALUES ('a2f14c0b-7b4f-4b84-8616-2804512a044d', 'aa52a2af-0912-4d3b-9de7-41f4dcc99fb0', '0de45976-9d75-4fcb-a288-ad01f34e32f0', 'สวัสดีเพื่อน', NULL, '2026-05-28 16:02:30.042447+07', '2026-05-28 16:02:30.042447+07', '60dc7bda-6594-4d94-96bc-cf796c6c2be8');
INSERT INTO public.discussions VALUES ('8d173ea4-e3c1-436c-a6ed-9407bafc952f', 'aa52a2af-0912-4d3b-9de7-41f4dcc99fb0', '0de45976-9d75-4fcb-a288-ad01f34e32f0', 'เรื่องการตอบโต้', NULL, '2026-05-28 16:02:39.188161+07', '2026-05-28 16:02:39.188161+07', 'fb838033-decf-4aff-af0b-520d951689a1');
INSERT INTO public.discussions VALUES ('898dba24-c4ae-4ff0-8199-ed1e22d4b49d', 'aa52a2af-0912-4d3b-9de7-41f4dcc99fb0', 'd0b32103-3b47-45cc-8aa9-5e7030cf226a', 'Noted. Will update the schedule accordingly.', NULL, '2026-05-28 16:04:16.195017+07', '2026-05-28 16:04:16.195017+07', 'fb838033-decf-4aff-af0b-520d951689a1');
INSERT INTO public.discussions VALUES ('81c22d5e-7d9c-4f32-bfe3-5ba3c8ee4ed9', 'aa52a2af-0912-4d3b-9de7-41f4dcc99fb0', 'ebee042c-0b67-4061-8ae0-6755b8549575', 'I can help coordinate with the team on this.', NULL, '2026-05-28 16:04:16.197682+07', '2026-05-28 16:04:16.197682+07', 'fb838033-decf-4aff-af0b-520d951689a1');
INSERT INTO public.discussions VALUES ('30dcb417-79bc-4276-b370-9a53f3e41c84', 'aa52a2af-0912-4d3b-9de7-41f4dcc99fb0', 'd0b32103-3b47-45cc-8aa9-5e7030cf226a', 'Noted. Will update the schedule accordingly.', NULL, '2026-05-28 16:04:16.198552+07', '2026-05-28 16:04:16.198552+07', '60dc7bda-6594-4d94-96bc-cf796c6c2be8');
INSERT INTO public.discussions VALUES ('a5779de7-8c89-4258-8a67-df374c8b2e44', '6d53551c-2c84-45ba-bac7-518d2bf81287', 'd0b32103-3b47-45cc-8aa9-5e7030cf226a', 'Noted. Will update the schedule accordingly.', NULL, '2026-05-28 16:04:16.199504+07', '2026-05-28 16:04:16.199504+07', 'b6ab7aeb-6dc1-4af5-9e1d-c9eab29a2f1a');
INSERT INTO public.discussions VALUES ('e7052a0c-c489-4150-8e1c-b314a1f4ea68', '6d53551c-2c84-45ba-bac7-518d2bf81287', 'ebee042c-0b67-4061-8ae0-6755b8549575', 'I can help coordinate with the team on this.', NULL, '2026-05-28 16:04:16.200395+07', '2026-05-28 16:04:16.200395+07', 'b6ab7aeb-6dc1-4af5-9e1d-c9eab29a2f1a');
INSERT INTO public.discussions VALUES ('db6ede28-2a1f-45d9-8ed7-a1099f5a15fe', '6d53551c-2c84-45ba-bac7-518d2bf81287', 'b31dbffc-0fd4-42fe-8ae5-a960de5b328d', 'Good point. Let me check the technical details.', NULL, '2026-05-28 16:04:16.201134+07', '2026-05-28 16:04:16.201134+07', 'b6ab7aeb-6dc1-4af5-9e1d-c9eab29a2f1a');
INSERT INTO public.discussions VALUES ('0b453ad1-65e3-464e-9c0b-cbffbbce76b7', '6d53551c-2c84-45ba-bac7-518d2bf81287', 'd0b32103-3b47-45cc-8aa9-5e7030cf226a', 'Noted. Will update the schedule accordingly.', NULL, '2026-05-28 16:04:16.201941+07', '2026-05-28 16:04:16.201941+07', '3acd8a16-6fb0-4689-8e10-e8eecec60bd9');
INSERT INTO public.discussions VALUES ('9a78ef62-008b-479c-9843-c9035c056956', '6d53551c-2c84-45ba-bac7-518d2bf81287', 'ebee042c-0b67-4061-8ae0-6755b8549575', 'I can help coordinate with the team on this.', NULL, '2026-05-28 16:04:16.202575+07', '2026-05-28 16:04:16.202575+07', '3acd8a16-6fb0-4689-8e10-e8eecec60bd9');
INSERT INTO public.discussions VALUES ('04f75d11-4bf2-4f8d-9b95-6f5ac2ab54e3', '6d53551c-2c84-45ba-bac7-518d2bf81287', 'b31dbffc-0fd4-42fe-8ae5-a960de5b328d', 'Good point. Let me check the technical details.', NULL, '2026-05-28 16:04:16.203169+07', '2026-05-28 16:04:16.203169+07', '3acd8a16-6fb0-4689-8e10-e8eecec60bd9');
INSERT INTO public.discussions VALUES ('f6364b2b-6274-443c-8538-4fe39c8b7077', '6d53551c-2c84-45ba-bac7-518d2bf81287', 'd0b32103-3b47-45cc-8aa9-5e7030cf226a', 'Noted. Will update the schedule accordingly.', NULL, '2026-05-28 16:04:16.203856+07', '2026-05-28 16:04:16.203856+07', '555a8e3c-7617-4cb6-88e8-f4c4b9a0dcc4');
INSERT INTO public.discussions VALUES ('ebab0c2b-f8df-478a-a6a3-0ba96de3b595', 'de7b0847-7026-4447-b7b8-1cf0b983d44b', 'd0b32103-3b47-45cc-8aa9-5e7030cf226a', 'Noted. Will update the schedule accordingly.', NULL, '2026-05-28 16:04:16.204532+07', '2026-05-28 16:04:16.204532+07', '0586305a-3c80-4491-935e-25b8e286c7d2');
INSERT INTO public.discussions VALUES ('cd3203d4-5f90-464d-a150-1ba6fdefe256', 'de7b0847-7026-4447-b7b8-1cf0b983d44b', 'ebee042c-0b67-4061-8ae0-6755b8549575', 'I can help coordinate with the team on this.', NULL, '2026-05-28 16:04:16.20519+07', '2026-05-28 16:04:16.20519+07', '0586305a-3c80-4491-935e-25b8e286c7d2');
INSERT INTO public.discussions VALUES ('ead660eb-9708-4cb6-87a8-2ce4f284c057', 'de7b0847-7026-4447-b7b8-1cf0b983d44b', 'b31dbffc-0fd4-42fe-8ae5-a960de5b328d', 'Good point. Let me check the technical details.', NULL, '2026-05-28 16:04:16.206692+07', '2026-05-28 16:04:16.206692+07', '0586305a-3c80-4491-935e-25b8e286c7d2');
INSERT INTO public.discussions VALUES ('80a052bf-cb70-4c3d-8966-04341c66d3b3', 'de7b0847-7026-4447-b7b8-1cf0b983d44b', 'd0b32103-3b47-45cc-8aa9-5e7030cf226a', 'Noted. Will update the schedule accordingly.', NULL, '2026-05-28 16:04:16.207375+07', '2026-05-28 16:04:16.207375+07', '4adee688-f702-4dfa-b965-4fb30d6225d3');
INSERT INTO public.discussions VALUES ('bb61d046-870c-4c6f-a11b-6be632c92937', 'de7b0847-7026-4447-b7b8-1cf0b983d44b', 'ebee042c-0b67-4061-8ae0-6755b8549575', 'I can help coordinate with the team on this.', NULL, '2026-05-28 16:04:16.208026+07', '2026-05-28 16:04:16.208026+07', '4adee688-f702-4dfa-b965-4fb30d6225d3');
INSERT INTO public.discussions VALUES ('2f434ddc-ad8f-4c74-838b-263d7d6d7b60', 'de7b0847-7026-4447-b7b8-1cf0b983d44b', 'b31dbffc-0fd4-42fe-8ae5-a960de5b328d', 'Good point. Let me check the technical details.', NULL, '2026-05-28 16:04:16.20876+07', '2026-05-28 16:04:16.20876+07', '4adee688-f702-4dfa-b965-4fb30d6225d3');
INSERT INTO public.discussions VALUES ('4da9b821-1f02-4dba-9473-658228e51e46', 'e467ad24-f938-4728-a219-7d61c1dc0823', 'd0b32103-3b47-45cc-8aa9-5e7030cf226a', 'Noted. Will update the schedule accordingly.', NULL, '2026-05-28 16:04:16.2094+07', '2026-05-28 16:04:16.2094+07', 'b67e8f10-fb5f-43a7-9eef-a8d7dbd8a394');
INSERT INTO public.discussions VALUES ('11b60cf3-934b-46d2-b6e0-ba26a81b5c33', 'e467ad24-f938-4728-a219-7d61c1dc0823', 'ebee042c-0b67-4061-8ae0-6755b8549575', 'I can help coordinate with the team on this.', NULL, '2026-05-28 16:04:16.210136+07', '2026-05-28 16:04:16.210136+07', 'b67e8f10-fb5f-43a7-9eef-a8d7dbd8a394');
INSERT INTO public.discussions VALUES ('96d9ff9f-44f9-4895-9449-26450027e305', 'e467ad24-f938-4728-a219-7d61c1dc0823', 'd0b32103-3b47-45cc-8aa9-5e7030cf226a', 'Noted. Will update the schedule accordingly.', NULL, '2026-05-28 16:04:16.210821+07', '2026-05-28 16:04:16.210821+07', 'c1c07c13-01dc-45f5-9386-9b13aecd57e6');
INSERT INTO public.discussions VALUES ('1c3219a5-d842-4972-9e9f-d0eb300b6d83', 'e467ad24-f938-4728-a219-7d61c1dc0823', 'd0b32103-3b47-45cc-8aa9-5e7030cf226a', 'Noted. Will update the schedule accordingly.', NULL, '2026-05-28 16:04:16.211941+07', '2026-05-28 16:04:16.211941+07', '5957ed4a-558e-467d-acc2-cc84d5230c71');
INSERT INTO public.discussions VALUES ('c3f7ade7-87dd-4ff3-8b76-e0ecf0681e19', 'e467ad24-f938-4728-a219-7d61c1dc0823', 'd0b32103-3b47-45cc-8aa9-5e7030cf226a', 'Noted. Will update the schedule accordingly.', NULL, '2026-05-28 16:04:16.212548+07', '2026-05-28 16:04:16.212548+07', '92f4efd6-66db-4481-a483-aa9d946eaed3');
INSERT INTO public.discussions VALUES ('bdde9467-6e48-4004-b8df-8121ef42c371', '10e762e9-bdc9-41d7-9756-0d0ed4cbdfc4', 'd0b32103-3b47-45cc-8aa9-5e7030cf226a', 'Noted. Will update the schedule accordingly.', NULL, '2026-05-28 16:04:16.213207+07', '2026-05-28 16:04:16.213207+07', '19f1c4a3-680c-4e98-9a4e-cd27eb0d3531');
INSERT INTO public.discussions VALUES ('eee5bf34-06ce-4eeb-9bbd-7b1d9eb219bc', '10e762e9-bdc9-41d7-9756-0d0ed4cbdfc4', 'ebee042c-0b67-4061-8ae0-6755b8549575', 'I can help coordinate with the team on this.', NULL, '2026-05-28 16:04:16.214228+07', '2026-05-28 16:04:16.214228+07', '19f1c4a3-680c-4e98-9a4e-cd27eb0d3531');
INSERT INTO public.discussions VALUES ('73b38172-9382-41da-b26e-6b862260f777', '10e762e9-bdc9-41d7-9756-0d0ed4cbdfc4', 'b31dbffc-0fd4-42fe-8ae5-a960de5b328d', 'Good point. Let me check the technical details.', NULL, '2026-05-28 16:04:16.214888+07', '2026-05-28 16:04:16.214888+07', '19f1c4a3-680c-4e98-9a4e-cd27eb0d3531');
INSERT INTO public.discussions VALUES ('cd356cf8-74ab-4f9e-860a-d95b2c22d182', 'a3e5075c-0484-4631-b718-9af934802de1', 'd0b32103-3b47-45cc-8aa9-5e7030cf226a', 'Noted. Will update the schedule accordingly.', NULL, '2026-05-28 16:04:16.215772+07', '2026-05-28 16:04:16.215772+07', '0b9285bd-d7ce-47a4-be54-cf113db3cfed');
INSERT INTO public.discussions VALUES ('286da05d-029d-4337-bb15-adbd5a1ead73', 'a3e5075c-0484-4631-b718-9af934802de1', 'd0b32103-3b47-45cc-8aa9-5e7030cf226a', 'Noted. Will update the schedule accordingly.', NULL, '2026-05-28 16:04:16.216465+07', '2026-05-28 16:04:16.216465+07', '1ef0904b-4f9e-44c3-92cb-42aa385a4f17');
INSERT INTO public.discussions VALUES ('dc573569-07eb-4fc9-bec4-5d748a928b83', 'a3e5075c-0484-4631-b718-9af934802de1', 'ebee042c-0b67-4061-8ae0-6755b8549575', 'I can help coordinate with the team on this.', NULL, '2026-05-28 16:04:16.217086+07', '2026-05-28 16:04:16.217086+07', '1ef0904b-4f9e-44c3-92cb-42aa385a4f17');
INSERT INTO public.discussions VALUES ('b597eea0-f051-4f4d-b1f6-c29dfd230a43', 'a3e5075c-0484-4631-b718-9af934802de1', 'b31dbffc-0fd4-42fe-8ae5-a960de5b328d', 'Good point. Let me check the technical details.', NULL, '2026-05-28 16:04:16.217667+07', '2026-05-28 16:04:16.217667+07', '1ef0904b-4f9e-44c3-92cb-42aa385a4f17');
INSERT INTO public.discussions VALUES ('166fe182-0e01-48e0-aa47-4c5a6046b59e', 'b1414314-c8cb-4184-98ac-baebae84a764', 'd0b32103-3b47-45cc-8aa9-5e7030cf226a', 'Noted. Will update the schedule accordingly.', NULL, '2026-05-28 16:04:16.218311+07', '2026-05-28 16:04:16.218311+07', '99216d58-0a28-4de7-9801-fed31fd11307');
INSERT INTO public.discussions VALUES ('97eeb015-713a-4edf-8cb8-7226352c20ec', 'b1414314-c8cb-4184-98ac-baebae84a764', 'ebee042c-0b67-4061-8ae0-6755b8549575', 'I can help coordinate with the team on this.', NULL, '2026-05-28 16:04:16.218931+07', '2026-05-28 16:04:16.218931+07', '99216d58-0a28-4de7-9801-fed31fd11307');
INSERT INTO public.discussions VALUES ('eb0f4c4a-bd8b-4945-999d-441c10bcf531', 'c96cc3ca-23d9-40ca-a9d4-217f701767bb', 'd0b32103-3b47-45cc-8aa9-5e7030cf226a', 'Noted. Will update the schedule accordingly.', NULL, '2026-05-28 16:04:16.219554+07', '2026-05-28 16:04:16.219554+07', '97669477-f9e4-4574-9c2c-65c5e84da6aa');
INSERT INTO public.discussions VALUES ('81c12a8c-1d94-4c58-bc23-ff9c64ee364e', 'c96cc3ca-23d9-40ca-a9d4-217f701767bb', 'ebee042c-0b67-4061-8ae0-6755b8549575', 'I can help coordinate with the team on this.', NULL, '2026-05-28 16:04:16.220172+07', '2026-05-28 16:04:16.220172+07', '97669477-f9e4-4574-9c2c-65c5e84da6aa');
INSERT INTO public.discussions VALUES ('6c0a0128-eefb-4193-978e-57889664805e', 'c96cc3ca-23d9-40ca-a9d4-217f701767bb', 'b31dbffc-0fd4-42fe-8ae5-a960de5b328d', 'Good point. Let me check the technical details.', NULL, '2026-05-28 16:04:16.222522+07', '2026-05-28 16:04:16.222522+07', '97669477-f9e4-4574-9c2c-65c5e84da6aa');
INSERT INTO public.discussions VALUES ('529ff5da-1f06-4b54-ae5e-163adb932ffc', 'c96cc3ca-23d9-40ca-a9d4-217f701767bb', 'd0b32103-3b47-45cc-8aa9-5e7030cf226a', 'Noted. Will update the schedule accordingly.', NULL, '2026-05-28 16:04:16.223154+07', '2026-05-28 16:04:16.223154+07', '1465014b-0cc7-428f-add3-7963948a2617');
INSERT INTO public.discussions VALUES ('c055246f-979e-4241-ad46-a6f8c3d91084', 'c96cc3ca-23d9-40ca-a9d4-217f701767bb', 'ebee042c-0b67-4061-8ae0-6755b8549575', 'I can help coordinate with the team on this.', NULL, '2026-05-28 16:04:16.223799+07', '2026-05-28 16:04:16.223799+07', '1465014b-0cc7-428f-add3-7963948a2617');
INSERT INTO public.discussions VALUES ('7e7056e1-b32c-481a-80bd-85af27b92d95', 'c96cc3ca-23d9-40ca-a9d4-217f701767bb', 'b31dbffc-0fd4-42fe-8ae5-a960de5b328d', 'Good point. Let me check the technical details.', NULL, '2026-05-28 16:04:16.224467+07', '2026-05-28 16:04:16.224467+07', '1465014b-0cc7-428f-add3-7963948a2617');


--
-- Data for Name: gl_journal_lines; Type: TABLE DATA; Schema: public; Owner: -
--

INSERT INTO public.gl_journal_lines VALUES ('fc600272-3024-4412-9cd9-42d2cdc48d94', '73f2368d-e225-4e81-abe1-64176f6df235', 1, '113103', 'Employee Receivable - Phuchong Mongkol', 15000.00, 0.00, 'ADV2605003', '2026-05-27 16:29:42.376341+07');
INSERT INTO public.gl_journal_lines VALUES ('34beacc4-b66f-4908-9b80-174533f5fa4a', '73f2368d-e225-4e81-abe1-64176f6df235', 2, '111101', 'Petty Cash', 0.00, 15000.00, 'ADV2605003', '2026-05-27 16:29:42.376341+07');
INSERT INTO public.gl_journal_lines VALUES ('23158abf-68cc-4611-9afb-62f140237cc0', '6c455021-064a-4e51-b246-2ab56931afb3', 1, '522601', 'เครื่องบิน', 20000.00, 0.00, 'CLR26050001', '2026-05-27 16:36:01.769372+07');
INSERT INTO public.gl_journal_lines VALUES ('f585c383-484d-443e-b06e-a5252cabe4d1', '6c455021-064a-4e51-b246-2ab56931afb3', 2, '113103', 'Employee Receivable - Phuchong Mongkol', 0.00, 20000.00, 'CLR26050001', '2026-05-27 16:36:01.77381+07');
INSERT INTO public.gl_journal_lines VALUES ('97ceca00-d531-41aa-ac27-f19004c0f097', '6c455021-064a-4e51-b246-2ab56931afb3', 3, '113103', 'Employee Receivable - Reimburse', 5000.00, 0.00, 'Reimburse ADV2605003', '2026-05-27 16:36:01.774262+07');
INSERT INTO public.gl_journal_lines VALUES ('fa91a9c7-dcaf-46a4-b60e-78d4fd63c243', '6c455021-064a-4e51-b246-2ab56931afb3', 4, '111201', 'Bank - Reimburse', 0.00, 5000.00, 'Reimburse ADV2605003', '2026-05-27 16:36:01.774693+07');
INSERT INTO public.gl_journal_lines VALUES ('423a2cd3-4147-4316-a98e-e6ce59ecbce5', 'a4ed5947-4056-48f0-b8b8-9f1c58e5f966', 1, '113103', 'Employee Receivable - Phuchong Mongkol', 5000.00, 0.00, 'Reimburse ADV2605003', '2026-05-27 16:36:09.612712+07');
INSERT INTO public.gl_journal_lines VALUES ('b709049e-f304-4a3b-bf06-86c657d9fd3c', 'a4ed5947-4056-48f0-b8b8-9f1c58e5f966', 2, '111101', 'Petty Cash', 0.00, 5000.00, 'Reimburse ADV2605003', '2026-05-27 16:36:09.612712+07');
INSERT INTO public.gl_journal_lines VALUES ('c934b0c8-bf38-4141-a655-32b0bbc9944c', '5dd21131-2d03-4624-95b2-d9d03d16f589', 1, '113103', 'Employee Receivable - Somparat Decharintr', 10000.00, 0.00, 'ADV26050004', '2026-05-27 16:54:16.603432+07');
INSERT INTO public.gl_journal_lines VALUES ('29e982e1-be11-467b-8b50-04f73f197c8b', '5dd21131-2d03-4624-95b2-d9d03d16f589', 2, '111201', 'SCB Main Account', 0.00, 10000.00, 'ADV26050004', '2026-05-27 16:54:16.603432+07');
INSERT INTO public.gl_journal_lines VALUES ('8f35ba35-411b-405f-9d0f-5369e365d453', 'c9d08914-2745-4655-a189-7764420069ca', 1, '522709', 'เดินไกล', 10000.00, 0.00, 'CLR26050002', '2026-05-27 16:54:58.209665+07');
INSERT INTO public.gl_journal_lines VALUES ('5cfe56f4-2c1d-4035-9968-765295d54578', 'c9d08914-2745-4655-a189-7764420069ca', 2, '113103', 'Employee Receivable - Somparat Decharintr', 0.00, 10000.00, 'CLR26050002', '2026-05-27 16:54:58.211865+07');
INSERT INTO public.gl_journal_lines VALUES ('e0235a9d-b865-49b7-919a-d3a2c3e8b6e3', '9d79b642-a738-41fd-bb0c-d6c04b13b2ce', 1, '113103', 'Employee Receivable - Pakorn Sala-Daeng', 10000.00, 0.00, 'ADV26050005', '2026-05-27 16:58:33.654567+07');
INSERT INTO public.gl_journal_lines VALUES ('9415ce5c-e90b-4610-8ad5-f03e79806700', '9d79b642-a738-41fd-bb0c-d6c04b13b2ce', 2, '111202', 'KBank Payroll', 0.00, 10000.00, 'ADV26050005', '2026-05-27 16:58:33.654567+07');
INSERT INTO public.gl_journal_lines VALUES ('c26f12c5-b541-4998-b69b-cd279676083b', '878f41cd-cd90-46a8-9ab4-53f15a11e11c', 1, '522709', 'เดินนทางง', 50000.00, 0.00, 'CLR26050003', '2026-05-27 17:00:18.300625+07');
INSERT INTO public.gl_journal_lines VALUES ('146614cb-b284-4897-bedb-f3fcffa4f1f6', '878f41cd-cd90-46a8-9ab4-53f15a11e11c', 2, '113103', 'Employee Receivable - Sirikwan Prakobkit', 0.00, 50000.00, 'CLR26050003', '2026-05-27 17:00:18.303019+07');
INSERT INTO public.gl_journal_lines VALUES ('4de64ca3-f3f0-489d-b8f7-91197abd38f9', '74ac95fa-7cb0-4af8-9325-9e82fcb6f2b8', 1, '522601', 'Flight BKK-HKT', 6800.00, 0.00, 'CLR2604002', '2026-05-27 17:00:35.085842+07');
INSERT INTO public.gl_journal_lines VALUES ('95348a49-bc27-483e-8dd8-4b218b33b2e4', '74ac95fa-7cb0-4af8-9325-9e82fcb6f2b8', 2, '522602', 'Hotel 3 nights', 8400.00, 0.00, 'CLR2604002', '2026-05-27 17:00:35.086841+07');
INSERT INTO public.gl_journal_lines VALUES ('7d5a0157-fcd5-4b63-8882-c8defe7355af', '74ac95fa-7cb0-4af8-9325-9e82fcb6f2b8', 3, '522701', 'Taxi + boat', 3200.00, 0.00, 'CLR2604002', '2026-05-27 17:00:35.087611+07');
INSERT INTO public.gl_journal_lines VALUES ('fed8aa71-49dc-4096-8eda-b27e72c86f78', '74ac95fa-7cb0-4af8-9325-9e82fcb6f2b8', 4, '522603', 'Team meals', 4100.00, 0.00, 'CLR2604002', '2026-05-27 17:00:35.088554+07');
INSERT INTO public.gl_journal_lines VALUES ('d441380b-c135-4777-ae5a-4b3b695f86fd', '74ac95fa-7cb0-4af8-9325-9e82fcb6f2b8', 5, '113103', 'Employee Receivable - Jathuthep Kueadam', 0.00, 22500.00, 'CLR2604002', '2026-05-27 17:00:35.09006+07');
INSERT INTO public.gl_journal_lines VALUES ('7b98d0dc-419a-42fd-bc91-94c8196b7052', 'b01ea1b8-701d-43dd-a018-520e9331c533', 1, '522602', 'Hotel 2 nights', 5600.00, 0.00, 'CLR2603001', '2026-05-27 17:00:37.503399+07');
INSERT INTO public.gl_journal_lines VALUES ('1e03e37b-75df-43a6-8597-6dc11672cc82', 'b01ea1b8-701d-43dd-a018-520e9331c533', 2, '522701', 'Taxi', 1200.00, 0.00, 'CLR2603001', '2026-05-27 17:00:37.504023+07');
INSERT INTO public.gl_journal_lines VALUES ('1bd1d417-3b09-45d2-a01e-59d710c4e992', 'b01ea1b8-701d-43dd-a018-520e9331c533', 3, '522603', 'Team lunch', 3500.00, 0.00, 'CLR2603001', '2026-05-27 17:00:37.504555+07');
INSERT INTO public.gl_journal_lines VALUES ('5c6d2220-b059-48a6-b0e8-186e9538f702', 'b01ea1b8-701d-43dd-a018-520e9331c533', 4, '522709', 'Equipment rental', 12000.00, 0.00, 'CLR2603001', '2026-05-27 17:00:37.504947+07');
INSERT INTO public.gl_journal_lines VALUES ('cba58543-5a53-4149-94af-27e19aa64c37', 'b01ea1b8-701d-43dd-a018-520e9331c533', 5, '522701', 'Fuel', 1200.00, 0.00, 'CLR2603001', '2026-05-27 17:00:37.505305+07');
INSERT INTO public.gl_journal_lines VALUES ('8f3351ec-f2b2-4465-acd5-562177eae223', 'b01ea1b8-701d-43dd-a018-520e9331c533', 6, '113103', 'Employee Receivable - Phuchong Mongkol', 0.00, 23500.00, 'CLR2603001', '2026-05-27 17:00:37.505988+07');
INSERT INTO public.gl_journal_lines VALUES ('28f6debf-d699-4dc7-bcad-1d3787dcf748', '8e48c69f-0dab-4c44-b584-5b2af6105734', 1, '113103', 'Employee Receivable - Somparat Decharintr', 100000.00, 0.00, 'ADV26050008', '2026-05-28 14:35:42.47962+07');
INSERT INTO public.gl_journal_lines VALUES ('bae24d22-5247-42e8-9442-1bbc8b27d714', '8e48c69f-0dab-4c44-b584-5b2af6105734', 2, '111201', 'SCB Main Account', 0.00, 100000.00, 'ADV26050008', '2026-05-28 14:35:42.47962+07');
INSERT INTO public.gl_journal_lines VALUES ('c653b405-1580-4b8d-b625-626952487fed', 'bd70812c-b5b9-499d-a844-866bdb8468d5', 1, '522709', 'ค่าเดินทาง', 50000.00, 0.00, 'CLR26050004', '2026-05-28 14:37:52.57384+07');
INSERT INTO public.gl_journal_lines VALUES ('f9ee2a9f-49d7-4734-b2e8-a7e2ad5a931c', 'bd70812c-b5b9-499d-a844-866bdb8468d5', 2, '522709', 'ค่าที่พักก', 40000.00, 0.00, 'CLR26050004', '2026-05-28 14:37:52.575375+07');
INSERT INTO public.gl_journal_lines VALUES ('b94af8ee-f649-4bb0-9ee3-7450bfd4d9e2', 'bd70812c-b5b9-499d-a844-866bdb8468d5', 3, '113103', 'Employee Receivable - Somparat Decharintr', 0.00, 90000.00, 'CLR26050004', '2026-05-28 14:37:52.576867+07');
INSERT INTO public.gl_journal_lines VALUES ('6732d97f-de3f-4ccf-bd10-3ff9f561602e', 'ef32bd87-0c02-4ba5-b5c9-6699dbe42d49', 1, '111202', 'KBank Payroll', 10000.00, 0.00, 'Return from ADV26050008', '2026-05-28 14:38:13.401663+07');
INSERT INTO public.gl_journal_lines VALUES ('172f55bb-79b0-4433-80e0-56a516b848d3', 'ef32bd87-0c02-4ba5-b5c9-6699dbe42d49', 2, '113103', 'Employee Receivable - Somparat Decharintr', 0.00, 10000.00, 'Return from ADV26050008', '2026-05-28 14:38:13.401663+07');
INSERT INTO public.gl_journal_lines VALUES ('6e462f94-e105-40b9-9093-76292d20d5bc', 'af322e96-806e-44f1-a6d8-1b978d314f7c', 1, '113103', 'Employee Receivable - Warit Decharintr', 10000.00, 0.00, 'ADV26050009', '2026-05-29 00:05:00.845883+07');
INSERT INTO public.gl_journal_lines VALUES ('b2838c77-3024-4960-8353-a90891d622ea', 'af322e96-806e-44f1-a6d8-1b978d314f7c', 2, '111201', 'SCB Main Account', 0.00, 10000.00, 'ADV26050009', '2026-05-29 00:05:00.845883+07');
INSERT INTO public.gl_journal_lines VALUES ('c7687b58-7c8b-47bf-a37d-212d4f9c1a3e', 'b7085700-bc19-4438-8cb2-20b9cb639e72', 1, '522709', 'เดินทาง', 50000.00, 0.00, 'CLR26050005', '2026-05-29 00:06:16.057494+07');
INSERT INTO public.gl_journal_lines VALUES ('196d67de-6059-4410-b7d4-2c312951bc4a', 'b7085700-bc19-4438-8cb2-20b9cb639e72', 2, '113103', 'Employee Receivable - Noppamas Burana', 0.00, 50000.00, 'CLR26050005', '2026-05-29 00:06:16.060243+07');
INSERT INTO public.gl_journal_lines VALUES ('6aad73c4-51a2-42c1-a68f-2f1f8e4cd68c', 'bc32478b-a438-4d25-a6ee-ffc251c034a7', 1, '113103', 'Employee Receivable - Noppamas Burana', 34732.00, 0.00, 'Reimburse ADV78279535', '2026-05-29 00:06:29.038864+07');
INSERT INTO public.gl_journal_lines VALUES ('9294697c-8c30-40f0-8d69-08c5b03f71d7', 'bc32478b-a438-4d25-a6ee-ffc251c034a7', 2, '111202', 'KBank Payroll', 0.00, 34732.00, 'Reimburse ADV78279535', '2026-05-29 00:06:29.038864+07');
INSERT INTO public.gl_journal_lines VALUES ('57b3c5a5-52ce-4480-817d-4778a4dd6150', 'f0588a4f-9283-4252-b85c-96ec9b34f949', 1, '522709', 'ค่าเดินทาง', 500000.00, 0.00, 'CLR26050006', '2026-05-29 00:09:17.305113+07');
INSERT INTO public.gl_journal_lines VALUES ('584326c9-add0-46ab-a66d-e002b4c484e2', 'f0588a4f-9283-4252-b85c-96ec9b34f949', 2, '113103', 'Employee Receivable - Warit Decharintr', 0.00, 500000.00, 'CLR26050006', '2026-05-29 00:09:17.306667+07');
INSERT INTO public.gl_journal_lines VALUES ('717c158d-e6ac-49c6-961e-9113363eae08', '021e4502-1d58-44bc-b500-8f747da7bde9', 1, '113103', 'Employee Receivable - Warit Decharintr', 490000.00, 0.00, 'Reimburse ADV26050009', '2026-05-29 00:44:08.958761+07');
INSERT INTO public.gl_journal_lines VALUES ('420e8c91-4f23-4bf6-b1c0-e6dd68586829', '021e4502-1d58-44bc-b500-8f747da7bde9', 2, '111201', 'Bank', 0.00, 490000.00, 'Reimburse ADV26050009', '2026-05-29 00:44:08.958761+07');
INSERT INTO public.gl_journal_lines VALUES ('50bdd264-504f-4da8-8a8a-2279653480d7', '5513adb1-14c2-483a-922a-848c4182728e', 1, '113103', 'Employee Receivable - Phuchong Mongkol', 10000.00, 0.00, 'ADV26050007', '2026-05-29 00:45:07.573151+07');
INSERT INTO public.gl_journal_lines VALUES ('6080361c-f1ad-4804-8cf9-13f48afd037c', '5513adb1-14c2-483a-922a-848c4182728e', 2, '111201', 'Bank', 0.00, 10000.00, 'ADV26050007', '2026-05-29 00:45:07.573151+07');
INSERT INTO public.gl_journal_lines VALUES ('3f2018f0-e256-42ef-9b9a-6a0f6e1d1221', '21496278-af5e-44fa-b55e-6b842c8f7d74', 1, '113103', 'Employee Receivable - Jathuthep Kueadam', 2500.00, 0.00, 'Reimburse ADV2604005', '2026-05-29 00:45:22.9175+07');
INSERT INTO public.gl_journal_lines VALUES ('c14503ae-114f-47fa-bf11-464b9b091e8c', '21496278-af5e-44fa-b55e-6b842c8f7d74', 2, '111201', 'SCB Main Account', 0.00, 2500.00, 'Reimburse ADV2604005', '2026-05-29 00:45:22.9175+07');


--
-- Data for Name: po_lines; Type: TABLE DATA; Schema: public; Owner: -
--

INSERT INTO public.po_lines VALUES ('b8d86957-350b-4772-bad8-c90e016a4928', '9103b770-480c-43dd-bc15-b757d45eab42', 1, 'GR-0001', 'Gyro Compass Marine Grade', 1.00, 'EA', 112149.53, 120000.00, '114101', 'IG07', 1.00, '2026-05-12 10:31:29.105088+07', 0.00);
INSERT INTO public.po_lines VALUES ('31c3c47d-6298-42f9-b92c-2849baa88a39', 'c7818595-2624-45b8-b587-9612d7aff90b', 1, 'CP-0010', 'CCTV IP Camera 4MP', 24.00, 'EA', 28037.38, 720000.00, '114101', 'IG07', 24.00, '2026-05-12 10:31:29.105088+07', 0.00);
INSERT INTO public.po_lines VALUES ('d1e04ae6-2149-465f-9cdc-0be0591cba75', 'c7818595-2624-45b8-b587-9612d7aff90b', 2, 'CP-0011', 'NVR 32ch Server', 2.00, 'Set', 46728.97, 100000.00, '114101', 'IG07', 2.00, '2026-05-12 10:31:29.105088+07', 0.00);
INSERT INTO public.po_lines VALUES ('a7ebe188-4de8-43ea-aa5f-eb588f78af16', 'c7818595-2624-45b8-b587-9612d7aff90b', 3, 'CP-0012', 'Network Switch PoE 24port', 4.00, 'EA', 23364.49, 100000.00, '114101', 'IG07', 4.00, '2026-05-12 10:31:29.105088+07', 0.00);
INSERT INTO public.po_lines VALUES ('b86fd810-4614-47c4-bc17-abc07f013c11', '323cea20-6a07-411e-ac9e-a8cafae67d45', 1, 'CP-0015', 'VMS Software License (64ch)', 1.00, 'Set', 280373.83, 300000.00, '114101', 'IG07', 1.00, '2026-05-12 10:31:29.105088+07', 0.00);
INSERT INTO public.po_lines VALUES ('7b7edcab-1257-435a-8039-6aa4fc433f61', '323cea20-6a07-411e-ac9e-a8cafae67d45', 2, 'CP-0016', 'Monitor 55" Display', 4.00, 'EA', 18691.59, 80000.00, '114101', 'IG07', 4.00, '2026-05-12 10:31:29.105088+07', 0.00);
INSERT INTO public.po_lines VALUES ('bc6b7714-682b-4108-8e49-81b2930bb5ec', '6214068f-ff3e-4218-b1ac-7dd3f9bd6dd4', 1, 'OT-0020', 'AIS Transponder Class A', 3.00, 'EA', 93457.94, 300000.00, '114101', 'IG07', 2.00, '2026-05-12 10:31:29.105088+07', 1.00);
INSERT INTO public.po_lines VALUES ('92ec4ecc-8987-45c8-af09-c0fe03b9f731', '6214068f-ff3e-4218-b1ac-7dd3f9bd6dd4', 2, 'OT-0021', 'AIS Antenna + Cable Kit', 3.00, 'Set', 15420.56, 50000.00, '114101', 'IG07', 2.00, '2026-05-12 10:31:29.105088+07', 1.00);
INSERT INTO public.po_lines VALUES ('9ff9ef84-4385-4b93-8ffb-7b0ec141ec99', '16e98d75-9e66-495e-bf30-bd285e643c0d', 1, 'SN-0001', 'Sonar Module 50/200kHz', 1.00, 'Set', 57943.93, 62000.00, '114101', 'IG07', 0.00, '2026-05-12 10:31:29.105088+07', 1.00);
INSERT INTO public.po_lines VALUES ('c3074b3d-bc69-486d-b5a6-fa9e80fb5316', 'b74376b6-22cb-4850-9d2a-f49344631039', 1, 'EX-0001', 'Calibration Tool Set', 1.00, 'Set', 22000.00, 22000.00, '511120', 'IG07', 0.00, '2026-05-12 10:31:29.105088+07', 1.00);
INSERT INTO public.po_lines VALUES ('cac77009-4752-4c9e-b9cf-f2e585a99a7a', 'b74376b6-22cb-4850-9d2a-f49344631039', 2, 'OT-0001', 'Connector Kit Waterproof', 5.00, 'EA', 2700.00, 13500.00, '511120', 'IG07', 0.00, '2026-05-12 10:31:29.105088+07', 5.00);
INSERT INTO public.po_lines VALUES ('0ffffe0c-cb36-4c15-94d7-a398398eb527', 'b52c49bd-dd3c-4011-9301-21fce76fc7ec', 1, 'OT-0030', 'Weather Station Unit', 5.00, 'Set', 74766.36, 400000.00, '114101', 'IG07', 0.00, '2026-05-12 10:31:29.105088+07', 5.00);
INSERT INTO public.po_lines VALUES ('77f936ef-a7de-4f7f-ab57-5acbf38f4c3b', 'b52c49bd-dd3c-4011-9301-21fce76fc7ec', 2, 'OT-0031', 'Data Logger + Modem', 5.00, 'Set', 9345.79, 50000.00, '114101', 'IG07', 0.00, '2026-05-12 10:31:29.105088+07', 5.00);
INSERT INTO public.po_lines VALUES ('9550ff5d-77b4-4d2d-a8fb-ba138ab5bf7c', 'ca25eae6-81e2-4183-aba7-bd6e983fffc4', 1, 'WR-0010', 'VTS Radar 25kW', 3.00, 'Set', 280373.83, 900000.00, '114101', 'IG07', 0.00, '2026-05-12 10:31:29.105088+07', 3.00);
INSERT INTO public.po_lines VALUES ('913388c9-c92d-4aec-a836-4921776f11dd', 'ca25eae6-81e2-4183-aba7-bd6e983fffc4', 2, 'OT-0040', 'AIS Base Station', 3.00, 'Set', 93457.94, 300000.00, '114101', 'IG07', 0.00, '2026-05-12 10:31:29.105088+07', 3.00);


--
-- Data for Name: grpo_lines; Type: TABLE DATA; Schema: public; Owner: -
--



--
-- Data for Name: items; Type: TABLE DATA; Schema: public; Owner: -
--

INSERT INTO public.items VALUES ('c401754c-a220-4b29-be68-1dd4f6d808fd', '11111111-1111-1111-1111-111111111111', 'ITM-001', 'GPS Navigation Module', 'โมดูล GPS นำทาง', 'equipment', 'EA', 85000.00, 'THB', '114101', 'IG07', true, '2026-05-28 17:23:37.307168+07');
INSERT INTO public.items VALUES ('22dff862-e2e8-4038-8a8d-6af23699bf80', '11111111-1111-1111-1111-111111111111', 'ITM-002', 'Marine Radar Antenna', 'เสาอากาศเรดาร์ทะเล', 'equipment', 'EA', 320000.00, 'THB', '114101', 'IG07', true, '2026-05-28 17:23:37.322592+07');
INSERT INTO public.items VALUES ('e4e334ef-fbca-499c-924b-faefc2bbd429', '11111111-1111-1111-1111-111111111111', 'ITM-003', 'Sonar Transducer', 'ทรานสดิวเซอร์โซนาร์', 'equipment', 'EA', 45000.00, 'THB', '114101', 'IG07', true, '2026-05-28 17:23:37.323718+07');
INSERT INTO public.items VALUES ('be8b9270-b41e-4a09-9db3-ecdeb059d94d', '11111111-1111-1111-1111-111111111111', 'ITM-004', 'Marine Cable RG-213 (per meter)', 'สายเคเบิลทะเล RG-213', 'material', 'M', 85.00, 'THB', '511120', 'IG07', true, '2026-05-28 17:23:37.324262+07');
INSERT INTO public.items VALUES ('1ea59ede-0c89-4ba4-b4eb-678429645308', '11111111-1111-1111-1111-111111111111', 'ITM-005', 'Antenna Mounting Bracket', 'ขายึดเสาอากาศ', 'material', 'EA', 12000.00, 'THB', '511120', 'IG07', true, '2026-05-28 17:23:37.324785+07');
INSERT INTO public.items VALUES ('8e63ed87-a303-4c33-b23a-7ee85c9a750c', '11111111-1111-1111-1111-111111111111', 'ITM-006', 'UPS Battery Backup 3kVA', 'เครื่องสำรองไฟ 3kVA', 'equipment', 'EA', 35000.00, 'THB', '114101', 'IG07', true, '2026-05-28 17:23:37.325356+07');
INSERT INTO public.items VALUES ('f36482e8-69fc-4a13-b2cb-2c5bc61fb216', '11111111-1111-1111-1111-111111111111', 'ITM-007', 'Weather Station Sensor Kit', 'ชุดเซ็นเซอร์สถานีอากาศ', 'equipment', 'SET', 180000.00, 'THB', '114101', 'IG07', true, '2026-05-28 17:23:37.325923+07');
INSERT INTO public.items VALUES ('6f5d7ea6-a74f-471b-b9da-0d82a5c80d76', '11111111-1111-1111-1111-111111111111', 'ITM-008', 'CCTV Camera IP 4K', 'กล้อง CCTV IP 4K', 'equipment', 'EA', 25000.00, 'THB', '114101', 'IG07', true, '2026-05-28 17:23:37.326857+07');
INSERT INTO public.items VALUES ('84a105a6-429b-41c2-8c87-6932f1b4ccf3', '11111111-1111-1111-1111-111111111111', 'ITM-009', 'Network Switch 24-Port PoE', 'สวิตช์เน็ตเวิร์ค 24 พอร์ต', 'equipment', 'EA', 18000.00, 'THB', '114101', 'IG07', true, '2026-05-28 17:23:37.327434+07');
INSERT INTO public.items VALUES ('696e87cc-9f0c-4544-b8f2-f93e0d986182', '11111111-1111-1111-1111-111111111111', 'ITM-010', 'Installation Labor (per day)', 'ค่าแรงติดตั้ง (ต่อวัน)', 'service', 'DAY', 3500.00, 'THB', '522601', 'IS07', true, '2026-05-28 17:23:37.327852+07');


--
-- Data for Name: manpower_resources; Type: TABLE DATA; Schema: public; Owner: -
--

INSERT INTO public.manpower_resources VALUES ('f58f81e6-32eb-457a-b8a5-49a9bad3089b', '11111111-1111-1111-1111-111111111111', 'Somchai Wongprasert', 'Senior Engineer', 'Marine Electronics, Radar', 'Engineering', 4500.00, 'available', '089-111-2222', NULL, true, '2026-05-28 17:43:24.404298+07');
INSERT INTO public.manpower_resources VALUES ('4f7c20ad-1140-4e40-9ab2-d2c604f25a60', '11111111-1111-1111-1111-111111111111', 'Anuwat Sriprasit', 'Installation Lead', 'Sonar, Navigation Systems', 'Engineering', 4000.00, 'available', '089-222-3333', NULL, true, '2026-05-28 17:43:24.446463+07');
INSERT INTO public.manpower_resources VALUES ('f29199ef-aba6-4f51-b1bb-d7abb44051ef', '11111111-1111-1111-1111-111111111111', 'Prapas Tangsiri', 'Electrician', 'Wiring, Power Systems', 'Engineering', 3000.00, 'available', '089-333-4444', NULL, true, '2026-05-28 17:43:24.447125+07');
INSERT INTO public.manpower_resources VALUES ('b90461a4-0296-41ae-88be-53144cd94155', '11111111-1111-1111-1111-111111111111', 'Kittipong Saetang', 'Mechanical Tech', 'Mounting, Welding, Crane', 'Engineering', 3200.00, 'available', '089-444-5555', NULL, true, '2026-05-28 17:43:24.447674+07');
INSERT INTO public.manpower_resources VALUES ('05b932c3-6ec1-4d1f-bd52-9541465b7889', '11111111-1111-1111-1111-111111111111', 'Surasak Pholprasit', 'Network Engineer', 'CCTV, Network, IP Systems', 'IT', 3800.00, 'available', '089-555-6666', NULL, true, '2026-05-28 17:43:24.448156+07');
INSERT INTO public.manpower_resources VALUES ('eee37464-f697-4073-abf4-f0acd32b2949', '11111111-1111-1111-1111-111111111111', 'Thanapon Jitprasert', 'Junior Engineer', 'Testing, Calibration', 'Engineering', 2500.00, 'available', '089-666-7777', NULL, true, '2026-05-28 17:43:24.448647+07');
INSERT INTO public.manpower_resources VALUES ('8c6a230f-8ef4-4b24-a2be-8fd99323fe2a', '11111111-1111-1111-1111-111111111111', 'Natthawut Kaewmanee', 'Project Coordinator', 'Documentation, Planning', 'PMO', 2800.00, 'available', '089-777-8888', NULL, true, '2026-05-28 17:43:24.449106+07');
INSERT INTO public.manpower_resources VALUES ('a7edd93a-54f2-4814-9b34-722bd5b7184a', '11111111-1111-1111-1111-111111111111', 'Weerachai Somboon', 'Safety Officer', 'Safety Inspection, Permits', 'Safety', 3000.00, 'available', '089-888-9999', NULL, true, '2026-05-28 17:43:24.449741+07');
INSERT INTO public.manpower_resources VALUES ('6a819d0d-af14-4e5a-ae61-dfcc3cf838a2', '11111111-1111-1111-1111-111111111111', 'Chaiyaporn Suksawat', 'Crane Operator', 'Crane, Heavy Lift', 'Operations', 3500.00, 'available', '089-999-0000', NULL, true, '2026-05-28 17:43:24.450098+07');
INSERT INTO public.manpower_resources VALUES ('83e239eb-f49a-409f-8528-31ec03f702ba', '11111111-1111-1111-1111-111111111111', 'Pattanapong Siriwat', 'Driver / Logistics', 'Transport, Delivery', 'Logistics', 2000.00, 'available', '089-000-1111', NULL, true, '2026-05-28 17:43:24.450426+07');


--
-- Data for Name: manpower_bookings; Type: TABLE DATA; Schema: public; Owner: -
--

INSERT INTO public.manpower_bookings VALUES ('3688d262-1ba1-497b-97fb-73cb2a9ece8b', '4f7c20ad-1140-4e40-9ab2-d2c604f25a60', '6d53551c-2c84-45ba-bac7-518d2bf81287', '2026-05-24', '2026-05-28', 'checked_out', 'Installation support', '1d57e25a-e741-4cc7-aa88-55276aba0df8', NULL, NULL, '2026-05-28 17:43:24.455005+07');
INSERT INTO public.manpower_bookings VALUES ('81e7cc47-879e-4f48-b098-556269f3ed63', '83e239eb-f49a-409f-8528-31ec03f702ba', '6d53551c-2c84-45ba-bac7-518d2bf81287', '2026-04-21', '2026-04-22', 'pending', 'Installation support', 'b31dbffc-0fd4-42fe-8ae5-a960de5b328d', NULL, NULL, '2026-05-28 17:43:24.456185+07');
INSERT INTO public.manpower_bookings VALUES ('1a9a2900-2220-4f14-9cf1-ba98980d4cbd', 'a7edd93a-54f2-4814-9b34-722bd5b7184a', '6d53551c-2c84-45ba-bac7-518d2bf81287', '2026-05-25', '2026-05-28', 'checked_out', 'Site survey', 'b31dbffc-0fd4-42fe-8ae5-a960de5b328d', NULL, NULL, '2026-05-28 17:43:24.456629+07');
INSERT INTO public.manpower_bookings VALUES ('ae83e686-fdd1-48af-8aeb-24f46b869c0b', 'b90461a4-0296-41ae-88be-53144cd94155', 'de7b0847-7026-4447-b7b8-1cf0b983d44b', '2026-04-27', '2026-04-29', 'approved', 'Equipment testing', '1d57e25a-e741-4cc7-aa88-55276aba0df8', NULL, NULL, '2026-05-28 17:43:24.457135+07');
INSERT INTO public.manpower_bookings VALUES ('7d62cadd-54b0-4bed-8561-511c5b3038d8', '4f7c20ad-1140-4e40-9ab2-d2c604f25a60', 'de7b0847-7026-4447-b7b8-1cf0b983d44b', '2026-05-16', '2026-05-21', 'checked_in', 'Commissioning', 'd0b32103-3b47-45cc-8aa9-5e7030cf226a', NULL, NULL, '2026-05-28 17:43:24.457618+07');
INSERT INTO public.manpower_bookings VALUES ('6c563da2-e3e8-43ac-900a-fc0e52891e6c', 'b90461a4-0296-41ae-88be-53144cd94155', 'e467ad24-f938-4728-a219-7d61c1dc0823', '2026-04-27', '2026-04-30', 'checked_in', 'Installation support', '1d57e25a-e741-4cc7-aa88-55276aba0df8', NULL, NULL, '2026-05-28 17:43:24.458042+07');
INSERT INTO public.manpower_bookings VALUES ('8e1732a9-f6a2-4086-a1d6-e6f1605aea57', 'f58f81e6-32eb-457a-b8a5-49a9bad3089b', 'e467ad24-f938-4728-a219-7d61c1dc0823', '2026-04-26', '2026-04-27', 'approved', 'Cable pulling', 'd0b32103-3b47-45cc-8aa9-5e7030cf226a', NULL, NULL, '2026-05-28 17:43:24.458531+07');
INSERT INTO public.manpower_bookings VALUES ('02f31eb7-de74-4788-95d1-f733b68539b8', 'f58f81e6-32eb-457a-b8a5-49a9bad3089b', '10e762e9-bdc9-41d7-9756-0d0ed4cbdfc4', '2026-03-30', '2026-04-04', 'approved', 'Cable pulling', '1d57e25a-e741-4cc7-aa88-55276aba0df8', NULL, NULL, '2026-05-28 17:43:24.458878+07');
INSERT INTO public.manpower_bookings VALUES ('d0be2355-75b2-4bc3-82bb-f0803331b242', '6a819d0d-af14-4e5a-ae61-dfcc3cf838a2', 'a3e5075c-0484-4631-b718-9af934802de1', '2026-04-24', '2026-04-26', 'pending', 'Equipment testing', 'd0b32103-3b47-45cc-8aa9-5e7030cf226a', NULL, NULL, '2026-05-28 17:43:24.459215+07');
INSERT INTO public.manpower_bookings VALUES ('c7b467e1-1f2a-4010-b6df-ab3bb1999b7c', 'f58f81e6-32eb-457a-b8a5-49a9bad3089b', 'a3e5075c-0484-4631-b718-9af934802de1', '2026-04-12', '2026-04-17', 'approved', 'Cable pulling', 'd0b32103-3b47-45cc-8aa9-5e7030cf226a', NULL, NULL, '2026-05-28 17:43:24.459519+07');
INSERT INTO public.manpower_bookings VALUES ('cdcc90f8-c7a2-42e2-aae2-0ee23ffa64d9', '6a819d0d-af14-4e5a-ae61-dfcc3cf838a2', 'a3e5075c-0484-4631-b718-9af934802de1', '2026-05-27', '2026-05-29', 'checked_in', 'Crane operation', 'd0b32103-3b47-45cc-8aa9-5e7030cf226a', NULL, NULL, '2026-05-28 17:43:24.459893+07');
INSERT INTO public.manpower_bookings VALUES ('90d0a8b1-b16e-4492-9dcc-433ba61e3bcd', 'f29199ef-aba6-4f51-b1bb-d7abb44051ef', '586d4de6-73eb-469d-92d2-7546654ff0dd', '2026-04-13', '2026-04-15', 'checked_in', 'Installation support', 'd0b32103-3b47-45cc-8aa9-5e7030cf226a', NULL, NULL, '2026-05-28 17:43:24.460237+07');
INSERT INTO public.manpower_bookings VALUES ('0676ae3f-2ff2-4b5a-9d66-3aa4bbfdd748', '4f7c20ad-1140-4e40-9ab2-d2c604f25a60', 'b1414314-c8cb-4184-98ac-baebae84a764', '2026-05-17', '2026-05-19', 'checked_out', 'Safety inspection', '1d57e25a-e741-4cc7-aa88-55276aba0df8', NULL, NULL, '2026-05-28 17:43:24.461788+07');
INSERT INTO public.manpower_bookings VALUES ('11ffa65f-b0c6-4311-9930-47114dfadd9e', '4f7c20ad-1140-4e40-9ab2-d2c604f25a60', 'b1414314-c8cb-4184-98ac-baebae84a764', '2026-04-26', '2026-04-27', 'checked_out', 'Crane operation', '1d57e25a-e741-4cc7-aa88-55276aba0df8', NULL, NULL, '2026-05-28 17:43:24.462319+07');
INSERT INTO public.manpower_bookings VALUES ('e7740a48-0e96-438a-b656-efbbf6d0d371', 'eee37464-f697-4073-abf4-f0acd32b2949', 'c96cc3ca-23d9-40ca-a9d4-217f701767bb', '2026-03-30', '2026-04-04', 'checked_out', 'Documentation', '1d57e25a-e741-4cc7-aa88-55276aba0df8', NULL, NULL, '2026-05-28 17:43:24.462696+07');
INSERT INTO public.manpower_bookings VALUES ('0aa79001-e103-4d50-a9fe-77f6c97c8152', '4f7c20ad-1140-4e40-9ab2-d2c604f25a60', 'c96cc3ca-23d9-40ca-a9d4-217f701767bb', '2026-05-06', '2026-05-08', 'checked_in', 'Installation support', 'b31dbffc-0fd4-42fe-8ae5-a960de5b328d', NULL, NULL, '2026-05-28 17:43:24.46307+07');
INSERT INTO public.manpower_bookings VALUES ('296e73d2-c72f-4db2-b026-0b71ac4c7c80', '4f7c20ad-1140-4e40-9ab2-d2c604f25a60', '5e9c047f-a845-48d6-a2e5-dc1e5fdb323d', '2026-04-17', '2026-04-20', 'pending', 'Crane operation', 'b31dbffc-0fd4-42fe-8ae5-a960de5b328d', NULL, NULL, '2026-05-28 17:43:24.463491+07');
INSERT INTO public.manpower_bookings VALUES ('b92e2a14-6639-49ca-acb3-80164a3b1cd6', '6a819d0d-af14-4e5a-ae61-dfcc3cf838a2', '5e9c047f-a845-48d6-a2e5-dc1e5fdb323d', '2026-05-09', '2026-05-13', 'checked_in', 'Equipment testing', 'd0b32103-3b47-45cc-8aa9-5e7030cf226a', NULL, NULL, '2026-05-28 17:43:24.463781+07');
INSERT INTO public.manpower_bookings VALUES ('e0c1da70-665c-466d-946a-ce9d6547ab79', 'b90461a4-0296-41ae-88be-53144cd94155', 'd8838034-b3f2-4781-83df-4f5f00a41061', '2026-03-31', '2026-04-05', 'pending', 'Safety inspection', 'd0b32103-3b47-45cc-8aa9-5e7030cf226a', NULL, NULL, '2026-05-28 17:43:24.464064+07');
INSERT INTO public.manpower_bookings VALUES ('9f7c0fa0-7f4a-4aa3-a6dd-9edf76dcc8f3', 'a7edd93a-54f2-4814-9b34-722bd5b7184a', 'd8838034-b3f2-4781-83df-4f5f00a41061', '2026-05-05', '2026-05-08', 'checked_out', 'Crane operation', '1d57e25a-e741-4cc7-aa88-55276aba0df8', NULL, NULL, '2026-05-28 17:43:24.464339+07');
INSERT INTO public.manpower_bookings VALUES ('a3d7f7e5-b067-408e-8329-9c8ac99d31bb', 'f58f81e6-32eb-457a-b8a5-49a9bad3089b', 'd8838034-b3f2-4781-83df-4f5f00a41061', '2026-05-12', '2026-05-17', 'pending', 'Commissioning', 'b31dbffc-0fd4-42fe-8ae5-a960de5b328d', NULL, NULL, '2026-05-28 17:43:24.464609+07');
INSERT INTO public.manpower_bookings VALUES ('6e7e3f9a-6694-42d1-92a2-db686a6cc3a6', '4f7c20ad-1140-4e40-9ab2-d2c604f25a60', '5a190f8c-e256-498a-bb0f-4705b960dced', '2026-04-26', '2026-04-30', 'pending', 'Equipment testing', 'b31dbffc-0fd4-42fe-8ae5-a960de5b328d', NULL, NULL, '2026-05-28 17:43:24.464891+07');
INSERT INTO public.manpower_bookings VALUES ('7acd7b76-fd4e-4b84-83fd-d27ad0f5f078', 'f29199ef-aba6-4f51-b1bb-d7abb44051ef', '5a190f8c-e256-498a-bb0f-4705b960dced', '2026-05-03', '2026-05-08', 'checked_out', 'Commissioning', 'd0b32103-3b47-45cc-8aa9-5e7030cf226a', NULL, NULL, '2026-05-28 17:43:24.465158+07');
INSERT INTO public.manpower_bookings VALUES ('94bc1c68-6643-4c64-96a2-898dd951065b', 'b90461a4-0296-41ae-88be-53144cd94155', 'aa52a2af-0912-4d3b-9de7-41f4dcc99fb0', '2026-05-14', '2026-05-19', 'checked_out', 'Equipment testing', '1d57e25a-e741-4cc7-aa88-55276aba0df8', NULL, NULL, '2026-05-28 17:43:24.465431+07');
INSERT INTO public.manpower_bookings VALUES ('2c01734a-1705-4193-8ae7-e20562266646', 'f29199ef-aba6-4f51-b1bb-d7abb44051ef', 'aa52a2af-0912-4d3b-9de7-41f4dcc99fb0', '2026-04-06', '2026-04-08', 'checked_out', 'Equipment testing', 'd0b32103-3b47-45cc-8aa9-5e7030cf226a', NULL, NULL, '2026-05-28 17:43:24.465701+07');
INSERT INTO public.manpower_bookings VALUES ('287a370a-ba35-4152-8324-7c627d28e361', 'eee37464-f697-4073-abf4-f0acd32b2949', 'aa52a2af-0912-4d3b-9de7-41f4dcc99fb0', '2026-05-02', '2026-05-06', 'checked_out', 'Site survey', 'd0b32103-3b47-45cc-8aa9-5e7030cf226a', NULL, NULL, '2026-05-28 17:43:24.465985+07');


--
-- Data for Name: notes; Type: TABLE DATA; Schema: public; Owner: -
--

INSERT INTO public.notes VALUES ('d7cb2708-3c94-403b-bd20-90dc271d5f0a', '6d53551c-2c84-45ba-bac7-518d2bf81287', 'Meeting: Phuket Site Survey', 'สรุปการประชุม:\n- จุดติดตั้ง GPS ตรงห้องควบคุมเรือ\n- ต้องเดินสายใหม่ทั้งหมด\n- ลูกค้าต้องการ test ก่อน 31 May', 'meeting', '1d57e25a-e741-4cc7-aa88-55276aba0df8', '2026-03-11 17:21:23.433908+07', '2026-05-11 17:21:23.433908+07');
INSERT INTO public.notes VALUES ('871c3b87-0a70-44e9-9aae-9680ea750a63', '6d53551c-2c84-45ba-bac7-518d2bf81287', 'SOW: Marine Navigation System', 'Scope of Work:\n1. Sounder + Sonar + GPS installation\n2. System integration\n3. Training & handover\n4. 1 year warranty', 'sow', '1d57e25a-e741-4cc7-aa88-55276aba0df8', '2026-02-11 17:21:23.433908+07', '2026-05-11 17:21:23.433908+07');
INSERT INTO public.notes VALUES ('8043752a-975f-470a-83fa-b9eaa46691d9', 'c96cc3ca-23d9-40ca-a9d4-217f701767bb', 'Meeting: CCTV Progress Review', 'Zone A, B เสร็จแล้ว\nZone C กำลัง review\nSoftware license ต้องซื้อเพิ่ม\nเป้าหมาย go-live: มิ.ย. 2026', 'meeting', '1d57e25a-e741-4cc7-aa88-55276aba0df8', '2026-05-04 17:21:23.433908+07', '2026-05-11 17:21:23.433908+07');
INSERT INTO public.notes VALUES ('7ac6d43c-7fde-40bd-8d9b-fe0349b574f3', '5a190f8c-e256-498a-bb0f-4705b960dced', 'Meeting: VTS Kickoff', 'โปรเจกต์ใหญ่ ฿4.8M\nต้อง survey 3 จุด\nRadar + AIS + Software\nทีม: Phuchong (PM), Winit, Jathuthep, Sirikwan', 'meeting', 'd0b32103-3b47-45cc-8aa9-5e7030cf226a', '2026-03-11 17:21:23.433908+07', '2026-05-11 17:21:23.433908+07');


--
-- Data for Name: notifications; Type: TABLE DATA; Schema: public; Owner: -
--

INSERT INTO public.notifications VALUES ('8b6a44f6-9f16-44c3-b71f-6e8dc99ef4c1', '11111111-1111-1111-1111-111111111111', '5959a486-ba8f-4416-95a0-9dcb6eb54745', 'in_app', 'PR ฿180,000 รออนุมัติ', 'PR26050014 — Wave Radar System จาก Phuchong M.', 'pr-po.html?hl=pending', 'pr', NULL, false, NULL, '2026-05-11 15:21:23.433908+07');
INSERT INTO public.notifications VALUES ('13bf084e-fe85-49a1-b26e-bc51ab6a5e6c', '11111111-1111-1111-1111-111111111111', '5959a486-ba8f-4416-95a0-9dcb6eb54745', 'in_app', 'Budget BG-2026-009 รออนุมัติ', 'งบ Radio Navy ฿3.4M จาก Norawat S.', 'budget.html?hl=pending', 'budget', NULL, false, NULL, '2026-05-11 12:21:23.433908+07');
INSERT INTO public.notifications VALUES ('7579e253-7889-4354-ab27-30eff54df61a', '11111111-1111-1111-1111-111111111111', '5959a486-ba8f-4416-95a0-9dcb6eb54745', 'in_app', 'Advance ฿50,000 รออนุมัติ', 'ADV26050002 — VTS มาบตาพุด จาก Phuchong M.', 'expense.html?hl=pending', 'expense', NULL, false, NULL, '2026-05-10 17:21:23.433908+07');
INSERT INTO public.notifications VALUES ('54551d1d-36da-41cc-b9c6-a328bb3ccb6f', '11111111-1111-1111-1111-111111111111', '5959a486-ba8f-4416-95a0-9dcb6eb54745', 'in_app', 'Travel TRV26050002 รออนุมัติ', 'เดินทาง ชลบุรี 20-21 May — Jathuthep K.', 'travel.html?hl=pending', 'travel', NULL, false, NULL, '2026-05-10 17:21:23.433908+07');
INSERT INTO public.notifications VALUES ('b521e40f-9fb0-4fcf-936c-f7cc2616323b', '11111111-1111-1111-1111-111111111111', '5959a486-ba8f-4416-95a0-9dcb6eb54745', 'in_app', 'OT ฿6,400 รออนุมัติ', 'OT26050014 — Teera S. ตั้งค่า NVR วันเสาร์', 'ot.html?hl=pending', 'ot', NULL, false, NULL, '2026-05-11 11:21:23.433908+07');
INSERT INTO public.notifications VALUES ('9ee253c8-c8e9-49e5-815a-40f8455ca54d', '11111111-1111-1111-1111-111111111111', '1d57e25a-e741-4cc7-aa88-55276aba0df8', 'in_app', 'PR26050012 ถูกส่งให้อนุมัติ', 'Sounder Transducer ฿85,000 รอคุณอนุมัติ', 'pr-po.html?hl=pending', 'pr', NULL, false, NULL, '2026-05-08 17:21:23.433908+07');
INSERT INTO public.notifications VALUES ('cadf0ae6-953f-4861-b97f-7b70d9973c98', '11111111-1111-1111-1111-111111111111', '1d57e25a-e741-4cc7-aa88-55276aba0df8', 'in_app', 'Travel Phuket ก่อนเดินทาง 1 วัน', 'TRV26050001 — Noppamas B. ยังไม่ confirm', 'travel.html?hl=pending', 'travel', NULL, false, NULL, '2026-05-11 05:21:23.433908+07');
INSERT INTO public.notifications VALUES ('5ad5b3ad-d30f-4ceb-bb66-7799ff9b8daf', '11111111-1111-1111-1111-111111111111', '111d26db-f886-4f69-a1f6-cb94addefa7e', 'in_app', 'Expense ฿85,000 รอ Finance อนุมัติ', 'EXP26050010 — Software License CCTV', 'expense.html?hl=pending', 'expense', NULL, false, NULL, '2026-05-10 17:21:23.433908+07');
INSERT INTO public.notifications VALUES ('c04ed75d-394c-4876-9a0d-243a38963a7c', '11111111-1111-1111-1111-111111111111', '111d26db-f886-4f69-a1f6-cb94addefa7e', 'in_app', 'PR ฿1.2M รอ Finance อนุมัติ', 'PR26050020 — VTS Radar Equipment', 'pr-po.html?hl=pending', 'pr', NULL, false, NULL, '2026-05-09 17:21:23.433908+07');
INSERT INTO public.notifications VALUES ('45f9d981-948e-46be-8c4f-6dad5a29016c', '11111111-1111-1111-1111-111111111111', '32ae2c60-b3e7-4834-8729-23a4b3ecb2da', 'in_app', 'PO26050006 รอ Procurement ตรวจสอบ', 'JRC Global ฿1.2M — VTS Map Ta Phut', 'pr-po.html?hl=pending', 'po', NULL, false, NULL, '2026-05-11 11:21:23.433908+07');
INSERT INTO public.notifications VALUES ('7fa0990f-ec58-46cf-9f08-ac4d10761f4b', '11111111-1111-1111-1111-111111111111', 'd0b32103-3b47-45cc-8aa9-5e7030cf226a', 'in_app', 'Budget BG-2026-006 อนุมัติแล้ว', 'งบ AIS Repeater ฿700K ผ่านแล้ว', 'budget.html', 'budget', NULL, true, NULL, '2026-05-01 17:21:23.433908+07');
INSERT INTO public.notifications VALUES ('d1351caf-2f99-4cde-a350-37c3580b9b19', '11111111-1111-1111-1111-111111111111', 'b31dbffc-0fd4-42fe-8ae5-a960de5b328d', 'in_app', 'PO26050003 อนุมัติแล้ว', 'Sonar Module ฿62,000 ผ่านแล้ว', 'pr-po.html', 'po', NULL, true, NULL, '2026-05-07 17:21:23.433908+07');


--
-- Data for Name: number_series; Type: TABLE DATA; Schema: public; Owner: -
--

INSERT INTO public.number_series VALUES ('17476e2f-942c-4427-9314-945dd6ff8239', '11111111-1111-1111-1111-111111111111', 'PO', 'PO', '2605', 8, NULL, true, '2026-05-12 09:48:06.723205+07', '2026-05-12 09:48:06.723205+07');
INSERT INTO public.number_series VALUES ('6df4fee2-39b1-45de-852e-e7da6f9ed5d7', '11111111-1111-1111-1111-111111111111', 'TRV', 'TRV', '2605', 6, NULL, false, '2026-05-12 09:48:06.723205+07', '2026-05-12 09:48:06.723205+07');
INSERT INTO public.number_series VALUES ('614ab88a-d536-444b-b3b0-44bbed881bff', '11111111-1111-1111-1111-111111111111', 'OT', 'OT', '2605', 15, NULL, false, '2026-05-12 09:48:06.723205+07', '2026-05-12 09:48:06.723205+07');
INSERT INTO public.number_series VALUES ('3aa50568-625c-4658-bb3a-06f4258a03aa', '11111111-1111-1111-1111-111111111111', 'VHC', 'VHC', '2605', 8, NULL, false, '2026-05-12 09:48:06.723205+07', '2026-05-12 09:48:06.723205+07');
INSERT INTO public.number_series VALUES ('484ebcce-32cd-4197-9951-0c36a40ee876', '11111111-1111-1111-1111-111111111111', 'BG', 'BG', '2605', 12, NULL, false, '2026-05-12 09:48:06.723205+07', '2026-05-12 09:48:06.723205+07');
INSERT INTO public.number_series VALUES ('e76cb6c9-8917-4059-b6de-485ee804b3c9', '11111111-1111-1111-1111-111111111111', 'PR', 'PR', '2605', 24, NULL, true, '2026-05-12 09:48:06.723205+07', '2026-05-12 10:55:35.753502+07');
INSERT INTO public.number_series VALUES ('b4a220ce-5c72-46c8-8d01-863c828f7eed', '11111111-1111-1111-1111-111111111111', 'EXP', 'EXP', '2605', 12, NULL, true, '2026-05-12 09:48:06.723205+07', '2026-05-12 11:00:02.946818+07');
INSERT INTO public.number_series VALUES ('43e0692b-ef50-4393-b4e8-727caadab26d', '11111111-1111-1111-1111-111111111111', 'ADV', 'ADV', '2605', 9, NULL, false, '2026-05-12 09:48:06.723205+07', '2026-05-29 00:03:43.271464+07');
INSERT INTO public.number_series VALUES ('3d67e4d1-c149-435d-8a9a-6b322b59e04f', '11111111-1111-1111-1111-111111111111', 'CLR', 'CLR', '2605', 6, NULL, false, '2026-05-27 16:36:01.697195+07', '2026-05-29 00:09:13.324345+07');


--
-- Data for Name: ot_requests; Type: TABLE DATA; Schema: public; Owner: -
--

INSERT INTO public.ot_requests VALUES ('9f183d87-89d4-4515-9ba5-5c1694be4fb5', '11111111-1111-1111-1111-111111111111', '6d53551c-2c84-45ba-bac7-518d2bf81287', 'OT26050010', 'ebee042c-0b67-4061-8ae0-6755b8549575', '2026-05-11', 'holiday', 8.0, 300.00, 2.0, 4800.00, 'pending_manager', 'Weekend Installation', NULL, 'ebee042c-0b67-4061-8ae0-6755b8549575', '2026-05-11 17:21:22.736711+07', '2026-05-11 17:21:22.736711+07');
INSERT INTO public.ot_requests VALUES ('101d3c49-c4aa-458a-b66d-31510e2f32d9', '11111111-1111-1111-1111-111111111111', '6d53551c-2c84-45ba-bac7-518d2bf81287', 'OT26050011', '95742447-39bf-46eb-8eea-ed16a808e164', '2026-05-10', 'normal', 4.0, 250.00, 1.5, 1500.00, 'pending_manager', 'Evening Documentation', NULL, '95742447-39bf-46eb-8eea-ed16a808e164', '2026-05-11 17:21:22.736711+07', '2026-05-11 17:21:22.736711+07');
INSERT INTO public.ot_requests VALUES ('b2df61c7-3197-4248-b9f0-1966811bb5c7', '11111111-1111-1111-1111-111111111111', 'e467ad24-f938-4728-a219-7d61c1dc0823', 'OT26050012', '1d57e25a-e741-4cc7-aa88-55276aba0df8', '2026-05-09', 'holiday', 6.0, 450.00, 2.0, 5400.00, 'pending_executive', 'Emergency Repair', NULL, '1d57e25a-e741-4cc7-aa88-55276aba0df8', '2026-05-11 17:21:22.736711+07', '2026-05-11 17:21:22.736711+07');
INSERT INTO public.ot_requests VALUES ('510c19de-2ae2-4e39-aa8d-b2ebbf21eaf2', '11111111-1111-1111-1111-111111111111', 'de7b0847-7026-4447-b7b8-1cf0b983d44b', 'OT26050007', 'b31dbffc-0fd4-42fe-8ae5-a960de5b328d', '2026-05-07', 'normal', 3.0, 450.00, 1.5, 2025.00, 'approved', 'System Testing', NULL, 'b31dbffc-0fd4-42fe-8ae5-a960de5b328d', '2026-05-11 17:21:22.736711+07', '2026-05-11 17:21:22.736711+07');
INSERT INTO public.ot_requests VALUES ('b72a8c1e-f2f9-4c64-9aca-d2997f5006fe', '11111111-1111-1111-1111-111111111111', 'a3e5075c-0484-4631-b718-9af934802de1', 'OT26050004', 'd0b32103-3b47-45cc-8aa9-5e7030cf226a', '2026-05-04', 'holiday', 8.0, 450.00, 2.0, 7200.00, 'paid', 'Holiday Deployment', NULL, 'd0b32103-3b47-45cc-8aa9-5e7030cf226a', '2026-05-11 17:21:22.736711+07', '2026-05-11 17:21:22.736711+07');
INSERT INTO public.ot_requests VALUES ('276d72f1-f643-46cd-aee3-e7b71efbcce2', '11111111-1111-1111-1111-111111111111', 'c96cc3ca-23d9-40ca-a9d4-217f701767bb', 'OT26050001', '1d57e25a-e741-4cc7-aa88-55276aba0df8', '2026-05-03', 'holiday', 8.0, 450.00, 2.0, 7200.00, 'paid', 'ติดตั้งกล้อง Zone B วันหยุด', NULL, '1d57e25a-e741-4cc7-aa88-55276aba0df8', '2026-05-11 17:21:23.433908+07', '2026-05-11 17:21:23.433908+07');
INSERT INTO public.ot_requests VALUES ('0b5479d2-4447-4d06-a0b5-24268b6ad939', '11111111-1111-1111-1111-111111111111', 'c96cc3ca-23d9-40ca-a9d4-217f701767bb', 'OT26050002', 'b31dbffc-0fd4-42fe-8ae5-a960de5b328d', '2026-05-03', 'holiday', 8.0, 450.00, 2.0, 7200.00, 'paid', 'ติดตั้งกล้อง Zone B วันหยุด', NULL, 'b31dbffc-0fd4-42fe-8ae5-a960de5b328d', '2026-05-11 17:21:23.433908+07', '2026-05-11 17:21:23.433908+07');
INSERT INTO public.ot_requests VALUES ('63d9e0e8-38d2-4057-929d-591884f8db12', '11111111-1111-1111-1111-111111111111', 'c96cc3ca-23d9-40ca-a9d4-217f701767bb', 'OT26050003', 'ebee042c-0b67-4061-8ae0-6755b8549575', '2026-05-03', 'holiday', 6.0, 300.00, 2.0, 3600.00, 'paid', 'ช่วยติดตั้งกล้อง Zone B', NULL, 'ebee042c-0b67-4061-8ae0-6755b8549575', '2026-05-11 17:21:23.433908+07', '2026-05-11 17:21:23.433908+07');
INSERT INTO public.ot_requests VALUES ('68f6cfdc-1770-45ec-a220-f7485edfe5e9', '11111111-1111-1111-1111-111111111111', 'de7b0847-7026-4447-b7b8-1cf0b983d44b', 'OT26050005', 'd0b32103-3b47-45cc-8aa9-5e7030cf226a', '2026-05-05', 'normal', 3.0, 450.00, 1.5, 2025.00, 'approved', 'ทดสอบ Sonar หลังเลิกงาน', NULL, 'd0b32103-3b47-45cc-8aa9-5e7030cf226a', '2026-05-11 17:21:23.433908+07', '2026-05-11 17:21:23.433908+07');
INSERT INTO public.ot_requests VALUES ('199fa97c-bf78-4f57-a885-59b1c2559e12', '11111111-1111-1111-1111-111111111111', 'de7b0847-7026-4447-b7b8-1cf0b983d44b', 'OT26050006', '95742447-39bf-46eb-8eea-ed16a808e164', '2026-05-05', 'normal', 2.0, 250.00, 1.5, 750.00, 'approved', 'เก็บข้อมูลทดสอบ Sonar', NULL, '95742447-39bf-46eb-8eea-ed16a808e164', '2026-05-11 17:21:23.433908+07', '2026-05-11 17:21:23.433908+07');
INSERT INTO public.ot_requests VALUES ('f53a299a-b6e1-4c2f-8f33-c35976ff2052', '11111111-1111-1111-1111-111111111111', '586d4de6-73eb-469d-92d2-7546654ff0dd', 'OT26050008', 'ebee042c-0b67-4061-8ae0-6755b8549575', '2026-05-06', 'normal', 4.0, 300.00, 1.5, 1800.00, 'approved', 'เดินสาย AIS จุดที่ 2', NULL, 'ebee042c-0b67-4061-8ae0-6755b8549575', '2026-05-11 17:21:23.433908+07', '2026-05-11 17:21:23.433908+07');
INSERT INTO public.ot_requests VALUES ('b0ae466f-4cc2-45b3-8092-3d35281ddfbf', '11111111-1111-1111-1111-111111111111', '586d4de6-73eb-469d-92d2-7546654ff0dd', 'OT26050009', 'd0b32103-3b47-45cc-8aa9-5e7030cf226a', '2026-05-07', 'normal', 3.0, 450.00, 1.5, 2025.00, 'approved', 'ทดสอบสัญญาณ AIS', NULL, 'd0b32103-3b47-45cc-8aa9-5e7030cf226a', '2026-05-11 17:21:23.433908+07', '2026-05-11 17:21:23.433908+07');
INSERT INTO public.ot_requests VALUES ('785de1eb-81cf-42bc-8aed-0c2f2a89c445', '11111111-1111-1111-1111-111111111111', '5a190f8c-e256-498a-bb0f-4705b960dced', 'OT26050013', '24d99416-9114-405c-ac4d-97707f282c5c', '2026-05-11', 'normal', 4.0, 400.00, 1.5, 2400.00, 'pending_manager', 'ออกแบบ Network VTS', NULL, '24d99416-9114-405c-ac4d-97707f282c5c', '2026-05-11 17:21:23.433908+07', '2026-05-11 17:21:23.433908+07');
INSERT INTO public.ot_requests VALUES ('9dc9cf27-ec7e-475f-a527-0e73bc8b43fe', '11111111-1111-1111-1111-111111111111', 'c96cc3ca-23d9-40ca-a9d4-217f701767bb', 'OT26050014', '24d99416-9114-405c-ac4d-97707f282c5c', '2026-05-10', 'holiday', 8.0, 400.00, 2.0, 6400.00, 'pending_executive', 'ตั้งค่า NVR วันเสาร์', NULL, '24d99416-9114-405c-ac4d-97707f282c5c', '2026-05-11 17:21:23.433908+07', '2026-05-11 17:21:23.433908+07');
INSERT INTO public.ot_requests VALUES ('17b36ac6-a12a-4e49-b845-d1aba3c74081', '11111111-1111-1111-1111-111111111111', 'b1414314-c8cb-4184-98ac-baebae84a764', 'OT26050015', '95742447-39bf-46eb-8eea-ed16a808e164', '2026-05-11', 'normal', 3.0, 250.00, 1.5, 1125.00, 'pending_manager', 'เตรียมเอกสาร Weather Station', NULL, '95742447-39bf-46eb-8eea-ed16a808e164', '2026-05-11 17:21:23.433908+07', '2026-05-11 17:21:23.433908+07');
INSERT INTO public.ot_requests VALUES ('1dbbd3a1-1914-4813-8e10-a41944b52f43', '11111111-1111-1111-1111-111111111111', 'e467ad24-f938-4728-a219-7d61c1dc0823', 'OT26030005', 'ebee042c-0b67-4061-8ae0-6755b8549575', '2026-03-16', 'normal', 4.0, 300.00, 1.5, 1800.00, 'approved', 'Evening dismantling old equipment', NULL, 'ebee042c-0b67-4061-8ae0-6755b8549575', '2026-05-27 13:34:30.044876+07', '2026-05-27 13:34:30.044876+07');
INSERT INTO public.ot_requests VALUES ('c662fccb-3efe-4adb-b109-fdbb0f40e498', '11111111-1111-1111-1111-111111111111', 'e467ad24-f938-4728-a219-7d61c1dc0823', 'OT26040006', 'd0b32103-3b47-45cc-8aa9-5e7030cf226a', '2026-04-05', 'holiday', 8.0, 450.00, 2.0, 7200.00, 'paid', 'Weekend equipment delivery', NULL, 'd0b32103-3b47-45cc-8aa9-5e7030cf226a', '2026-05-27 13:34:30.047068+07', '2026-05-27 13:34:30.047068+07');
INSERT INTO public.ot_requests VALUES ('b98ee8e5-7948-46af-bee4-bcf09077f8f4', '11111111-1111-1111-1111-111111111111', 'e467ad24-f938-4728-a219-7d61c1dc0823', 'OT26040007', 'b31dbffc-0fd4-42fe-8ae5-a960de5b328d', '2026-04-20', 'normal', 3.0, 450.00, 1.5, 2025.00, 'approved', 'Late night cable pulling', NULL, 'b31dbffc-0fd4-42fe-8ae5-a960de5b328d', '2026-05-27 13:34:30.047682+07', '2026-05-27 13:34:30.047682+07');
INSERT INTO public.ot_requests VALUES ('ece2c3a9-8dd9-4824-84f2-272be2a24ca1', '11111111-1111-1111-1111-111111111111', '10e762e9-bdc9-41d7-9756-0d0ed4cbdfc4', 'OT74440079', 'ebee042c-0b67-4061-8ae0-6755b8549575', '2026-05-23', 'normal', 2.0, 300.00, 1.5, 900.00, 'approved', 'Project overtime work', NULL, 'ebee042c-0b67-4061-8ae0-6755b8549575', '2026-05-28 16:07:49.759138+07', '2026-05-28 16:07:49.759138+07');
INSERT INTO public.ot_requests VALUES ('21b2fc56-6b60-48e6-b991-a29db858e21f', '11111111-1111-1111-1111-111111111111', '5e9c047f-a845-48d6-a2e5-dc1e5fdb323d', 'OT28916615', 'd0b32103-3b47-45cc-8aa9-5e7030cf226a', '2026-05-23', 'normal', 5.0, 300.00, 1.5, 2250.00, 'approved', 'Project overtime work', NULL, 'd0b32103-3b47-45cc-8aa9-5e7030cf226a', '2026-05-28 16:07:49.779688+07', '2026-05-28 16:07:49.779688+07');
INSERT INTO public.ot_requests VALUES ('c9a40abf-00bc-4cfe-91bc-c71c4f9c0373', '11111111-1111-1111-1111-111111111111', 'd8838034-b3f2-4781-83df-4f5f00a41061', 'OT83917739', 'b31dbffc-0fd4-42fe-8ae5-a960de5b328d', '2026-05-23', 'holiday', 6.0, 300.00, 2.0, 3600.00, 'approved', 'Project overtime work', NULL, 'b31dbffc-0fd4-42fe-8ae5-a960de5b328d', '2026-05-28 16:07:49.783505+07', '2026-05-28 16:07:49.783505+07');
INSERT INTO public.ot_requests VALUES ('da9f78c7-e816-4823-bc91-10bb8a58a984', '11111111-1111-1111-1111-111111111111', 'aa52a2af-0912-4d3b-9de7-41f4dcc99fb0', 'OT94431825', 'ebee042c-0b67-4061-8ae0-6755b8549575', '2026-05-23', 'normal', 7.0, 450.00, 1.5, 4725.00, 'approved', 'Project overtime work', NULL, 'ebee042c-0b67-4061-8ae0-6755b8549575', '2026-05-28 16:07:49.787495+07', '2026-05-28 16:07:49.787495+07');


--
-- Data for Name: phases; Type: TABLE DATA; Schema: public; Owner: -
--

INSERT INTO public.phases VALUES ('07dc2cc2-60b2-46ef-877f-8cc2bd6cabe8', '6d53551c-2c84-45ba-bac7-518d2bf81287', 'Requirement & Design', NULL, 1, 'completed', '2026-01-15', '2026-02-28', 100, '2026-05-11 17:21:23.433908+07');
INSERT INTO public.phases VALUES ('2d8257d6-6232-42aa-b4fa-2f7863ca87d9', '6d53551c-2c84-45ba-bac7-518d2bf81287', 'Procurement & Preparation', NULL, 2, 'completed', '2026-03-01', '2026-03-30', 100, '2026-05-11 17:21:23.433908+07');
INSERT INTO public.phases VALUES ('1e9295ec-d528-4b4a-86c2-ca5e2330c687', '6d53551c-2c84-45ba-bac7-518d2bf81287', 'Installation & Testing', NULL, 3, 'active', '2026-04-01', '2026-05-31', 65, '2026-05-11 17:21:23.433908+07');
INSERT INTO public.phases VALUES ('987fe99d-9766-4869-9c38-5f936c3a8248', '6d53551c-2c84-45ba-bac7-518d2bf81287', 'Handover & Warranty', NULL, 4, 'upcoming', '2026-06-01', '2026-06-30', 0, '2026-05-11 17:21:23.433908+07');
INSERT INTO public.phases VALUES ('0965667c-1473-4525-bee8-2d8237306856', 'de7b0847-7026-4447-b7b8-1cf0b983d44b', 'Survey & Design', NULL, 1, 'completed', '2026-02-01', '2026-02-28', 100, '2026-05-11 18:55:31.797887+07');
INSERT INTO public.phases VALUES ('32603fdd-5168-40be-8711-a3964c15360f', 'de7b0847-7026-4447-b7b8-1cf0b983d44b', 'Procurement', NULL, 2, 'completed', '2026-03-01', '2026-03-31', 100, '2026-05-11 18:55:31.797887+07');
INSERT INTO public.phases VALUES ('183cabf8-f65c-43d3-bd9c-a4aea06a89c2', 'de7b0847-7026-4447-b7b8-1cf0b983d44b', 'Installation', NULL, 3, 'active', '2026-04-01', '2026-06-30', 40, '2026-05-11 18:55:31.797887+07');
INSERT INTO public.phases VALUES ('e9b6398e-c524-4a49-a6ed-db1cce4bbdc2', 'de7b0847-7026-4447-b7b8-1cf0b983d44b', 'Testing & Handover', NULL, 4, 'upcoming', '2026-06-16', '2026-07-31', 0, '2026-05-11 18:55:31.797887+07');
INSERT INTO public.phases VALUES ('e9affd4a-df62-4463-b4d0-4755eb5f4960', 'e467ad24-f938-4728-a219-7d61c1dc0823', 'Assessment & Planning', NULL, 1, 'completed', '2026-03-01', '2026-03-31', 100, '2026-05-11 18:55:31.797887+07');
INSERT INTO public.phases VALUES ('ce09e0cb-fe98-45e2-ad0b-d9ead0c54402', 'e467ad24-f938-4728-a219-7d61c1dc0823', 'Procurement & Removal', NULL, 2, 'active', '2026-04-01', '2026-06-30', 15, '2026-05-11 18:55:31.797887+07');
INSERT INTO public.phases VALUES ('c1b66a44-97d1-4b74-8096-e72ec3ce8d12', 'e467ad24-f938-4728-a219-7d61c1dc0823', 'Installation & Commissioning', NULL, 3, 'upcoming', '2026-07-01', '2026-08-31', 0, '2026-05-11 18:55:31.797887+07');
INSERT INTO public.phases VALUES ('cbb29e11-de18-4717-af2d-0c20eb0d58eb', '10e762e9-bdc9-41d7-9756-0d0ed4cbdfc4', 'Design & Procurement', NULL, 1, 'completed', '2026-01-01', '2026-02-15', 100, '2026-05-11 18:55:31.797887+07');
INSERT INTO public.phases VALUES ('b9dd6468-f937-4b53-bc55-6b33a823287a', '10e762e9-bdc9-41d7-9756-0d0ed4cbdfc4', 'Installation', NULL, 2, 'completed', '2026-02-16', '2026-04-15', 100, '2026-05-11 18:55:31.797887+07');
INSERT INTO public.phases VALUES ('f9e35f8f-597a-41b7-a7a7-614d9fadec7c', '10e762e9-bdc9-41d7-9756-0d0ed4cbdfc4', 'Testing & Go-live', NULL, 3, 'active', '2026-04-16', '2026-05-31', 80, '2026-05-11 18:55:31.797887+07');
INSERT INTO public.phases VALUES ('cca531d5-2e4f-4653-9520-4649ecaf5b3a', 'a3e5075c-0484-4631-b718-9af934802de1', 'Requirement & Design', NULL, 1, 'completed', '2026-02-15', '2026-03-31', 100, '2026-05-11 18:55:31.797887+07');
INSERT INTO public.phases VALUES ('5c5d2b18-60ac-4bb6-a017-bae3fbb1bc30', 'a3e5075c-0484-4631-b718-9af934802de1', 'Procurement', NULL, 2, 'completed', '2026-04-01', '2026-04-30', 100, '2026-05-11 18:55:31.797887+07');
INSERT INTO public.phases VALUES ('318651c0-e752-4aae-af3e-86c0111851cb', 'a3e5075c-0484-4631-b718-9af934802de1', 'Installation', NULL, 3, 'active', '2026-05-01', '2026-07-31', 30, '2026-05-11 18:55:31.797887+07');
INSERT INTO public.phases VALUES ('815df630-d7ac-40b5-8e24-37a4ef794951', 'a3e5075c-0484-4631-b718-9af934802de1', 'Commissioning & Handover', NULL, 4, 'upcoming', '2026-08-01', '2026-09-30', 0, '2026-05-11 18:55:31.797887+07');
INSERT INTO public.phases VALUES ('cb6a031f-a9c8-4f1e-94ca-ac701e5a2926', '586d4de6-73eb-469d-92d2-7546654ff0dd', 'Survey & Design', NULL, 1, 'completed', '2026-03-01', '2026-03-31', 100, '2026-05-11 18:55:31.797887+07');
INSERT INTO public.phases VALUES ('d9330635-0e96-4568-8ad6-f681c339f81b', '586d4de6-73eb-469d-92d2-7546654ff0dd', 'Testing & Handover', NULL, 3, 'upcoming', '2026-08-01', '2026-08-30', 0, '2026-05-11 18:55:31.797887+07');
INSERT INTO public.phases VALUES ('c1233a93-482e-44bf-ab7f-cb597ec5782b', 'b1414314-c8cb-4184-98ac-baebae84a764', 'Planning & Procurement', NULL, 1, 'active', '2026-04-01', '2026-06-30', 50, '2026-05-11 18:55:31.797887+07');
INSERT INTO public.phases VALUES ('dae623bf-8cc7-47a1-8a37-6ff827ec8c04', 'b1414314-c8cb-4184-98ac-baebae84a764', 'Installation 5 Sites', NULL, 2, 'upcoming', '2026-07-01', '2026-09-30', 0, '2026-05-11 18:55:31.797887+07');
INSERT INTO public.phases VALUES ('5514fe77-a67f-4892-9616-a2c6934fdcfa', 'b1414314-c8cb-4184-98ac-baebae84a764', 'Commissioning', NULL, 3, 'upcoming', '2026-10-01', '2026-10-31', 0, '2026-05-11 18:55:31.797887+07');
INSERT INTO public.phases VALUES ('1fabc801-5546-4e55-9e59-b6e31a5c711c', 'c96cc3ca-23d9-40ca-a9d4-217f701767bb', 'Design & Procurement', NULL, 1, 'completed', '2026-02-15', '2026-03-15', 100, '2026-05-11 18:55:31.797887+07');
INSERT INTO public.phases VALUES ('6559ecd5-ff7f-4879-a57e-520d62fb9a2f', 'c96cc3ca-23d9-40ca-a9d4-217f701767bb', 'Installation', NULL, 2, 'active', '2026-03-16', '2026-05-31', 75, '2026-05-11 18:55:31.797887+07');
INSERT INTO public.phases VALUES ('26e0a643-40fb-4b50-b965-70fd861871df', 'c96cc3ca-23d9-40ca-a9d4-217f701767bb', 'Training & Handover', NULL, 3, 'upcoming', '2026-06-01', '2026-07-31', 0, '2026-05-11 18:55:31.797887+07');
INSERT INTO public.phases VALUES ('f6421305-966c-4143-9394-700b5b16ca10', '5e9c047f-a845-48d6-a2e5-dc1e5fdb323d', 'Requirement Analysis', NULL, 1, 'upcoming', '2026-06-01', '2026-07-31', 0, '2026-05-11 18:55:31.797887+07');
INSERT INTO public.phases VALUES ('732caa40-20dd-45d2-9bed-919b3055d550', '5e9c047f-a845-48d6-a2e5-dc1e5fdb323d', 'Procurement & Installation', NULL, 2, 'upcoming', '2026-08-01', '2026-11-30', 0, '2026-05-11 18:55:31.797887+07');
INSERT INTO public.phases VALUES ('ca4d39ed-28bd-43bd-9d8f-74c3e686c239', '5e9c047f-a845-48d6-a2e5-dc1e5fdb323d', 'Handover', NULL, 3, 'upcoming', '2026-12-01', '2026-12-31', 0, '2026-05-11 18:55:31.797887+07');
INSERT INTO public.phases VALUES ('97ee6fb5-30b6-4f29-b7c5-606252249e93', '5a190f8c-e256-498a-bb0f-4705b960dced', 'Site Survey & Design', NULL, 1, 'active', '2026-03-15', '2026-05-31', 60, '2026-05-11 18:55:31.797887+07');
INSERT INTO public.phases VALUES ('d12d5896-8b9a-4a01-857a-a3d531dd5919', '5a190f8c-e256-498a-bb0f-4705b960dced', 'Procurement', NULL, 2, 'active', '2026-04-15', '2026-07-31', 20, '2026-05-11 18:55:31.797887+07');
INSERT INTO public.phases VALUES ('a8a8bd78-c258-49b6-a47a-29772b763cdb', '5a190f8c-e256-498a-bb0f-4705b960dced', 'Installation & Integration', NULL, 3, 'upcoming', '2026-08-01', '2026-10-31', 0, '2026-05-11 18:55:31.797887+07');
INSERT INTO public.phases VALUES ('2bf57d7c-f70b-40a1-a79d-8c4e582fcbae', '5a190f8c-e256-498a-bb0f-4705b960dced', 'Commissioning & Handover', NULL, 4, 'upcoming', '2026-11-01', '2026-11-30', 0, '2026-05-11 18:55:31.797887+07');
INSERT INTO public.phases VALUES ('66258dfc-783b-41e9-8377-0238e3696ca7', 'aa52a2af-0912-4d3b-9de7-41f4dcc99fb0', 'Assessment', NULL, 1, 'completed', '2025-10-01', '2025-10-31', 100, '2026-05-11 18:55:31.797887+07');
INSERT INTO public.phases VALUES ('9ee827e7-8e05-49c7-9fcd-ad274fa3687f', 'aa52a2af-0912-4d3b-9de7-41f4dcc99fb0', 'Replacement', NULL, 2, 'completed', '2025-11-01', '2026-01-31', 100, '2026-05-11 18:55:31.797887+07');
INSERT INTO public.phases VALUES ('bc5ba0ee-2048-4770-b181-e5597709b2cb', 'aa52a2af-0912-4d3b-9de7-41f4dcc99fb0', 'Testing & Handover', NULL, 3, 'completed', '2026-02-01', '2026-02-28', 100, '2026-05-11 18:55:31.797887+07');
INSERT INTO public.phases VALUES ('96415403-81fa-4267-9dce-0dc2a0102f55', '6d53551c-2c84-45ba-bac7-518d2bf81287', 'Phase 5', NULL, 5, 'upcoming', NULL, NULL, 0, '2026-05-26 15:17:34.906148+07');
INSERT INTO public.phases VALUES ('e6169095-a5cc-4b05-a5d7-6bba8f0668a4', '586d4de6-73eb-469d-92d2-7546654ff0dd', 'Installation', '', 2, 'active', '2026-03-31', '2026-07-30', 40, '2026-05-11 18:55:31.797887+07');


--
-- Data for Name: phase_steps; Type: TABLE DATA; Schema: public; Owner: -
--

INSERT INTO public.phase_steps VALUES ('2093a010-fca7-4c75-8e32-cdb226d3825f', '07dc2cc2-60b2-46ef-877f-8cc2bd6cabe8', 'Site survey & requirement gathering', 1, 'done', '1d57e25a-e741-4cc7-aa88-55276aba0df8', '2026-01-15', '2026-01-20', NULL, '2026-05-11 17:21:23.433908+07');
INSERT INTO public.phase_steps VALUES ('4ebd325d-2b33-44d5-b4f9-99da2530acd2', '07dc2cc2-60b2-46ef-877f-8cc2bd6cabe8', 'System design & specification', 2, 'done', 'b31dbffc-0fd4-42fe-8ae5-a960de5b328d', '2026-01-21', '2026-02-10', NULL, '2026-05-11 17:21:23.433908+07');
INSERT INTO public.phase_steps VALUES ('45879ba9-7795-490d-baa8-b827df900c19', '07dc2cc2-60b2-46ef-877f-8cc2bd6cabe8', 'Customer sign-off design document', 3, 'done', '1d57e25a-e741-4cc7-aa88-55276aba0df8', '2026-02-28', '2026-02-28', NULL, '2026-05-11 17:21:23.433908+07');
INSERT INTO public.phase_steps VALUES ('9fee9556-e8e5-452d-b2bf-d05c2c5401ce', '2d8257d6-6232-42aa-b4fa-2f7863ca87d9', 'Create PR for Sounder + Sonar + GPS', 1, 'done', '32ae2c60-b3e7-4834-8729-23a4b3ecb2da', '2026-03-01', '2026-03-05', NULL, '2026-05-11 17:21:23.433908+07');
INSERT INTO public.phase_steps VALUES ('f74422c5-4d05-460f-9945-7217570a570a', '2d8257d6-6232-42aa-b4fa-2f7863ca87d9', 'PO approved & sent to SAP', 2, 'done', 'eb90ebce-b926-4e40-82cd-2d746b24b28d', '2026-03-10', '2026-03-10', NULL, '2026-05-11 17:21:23.433908+07');
INSERT INTO public.phase_steps VALUES ('d960f9cc-ed63-417e-84f1-3e4e0daf41dd', '2d8257d6-6232-42aa-b4fa-2f7863ca87d9', 'Equipment received & QC checked', 3, 'done', 'b31dbffc-0fd4-42fe-8ae5-a960de5b328d', '2026-03-25', '2026-03-25', NULL, '2026-05-11 17:21:23.433908+07');
INSERT INTO public.phase_steps VALUES ('3c29d756-6835-4937-952c-60abbc79ee66', '1e9295ec-d528-4b4a-86c2-ca5e2330c687', 'Sounder installation & wiring', 1, 'done', 'd0b32103-3b47-45cc-8aa9-5e7030cf226a', '2026-04-01', '2026-04-15', NULL, '2026-05-11 17:21:23.433908+07');
INSERT INTO public.phase_steps VALUES ('25062c09-37d5-41b1-ba56-d0b72f7f52cd', '1e9295ec-d528-4b4a-86c2-ca5e2330c687', 'Sonar module installation', 2, 'done', 'b31dbffc-0fd4-42fe-8ae5-a960de5b328d', '2026-04-16', '2026-04-30', NULL, '2026-05-11 17:21:23.433908+07');
INSERT INTO public.phase_steps VALUES ('4593fd5e-241b-4950-aa73-1c5c571534bb', '1e9295ec-d528-4b4a-86c2-ca5e2330c687', 'UAT with customer', 5, 'pending', '1d57e25a-e741-4cc7-aa88-55276aba0df8', '2026-05-26', '2026-05-31', NULL, '2026-05-11 17:21:23.433908+07');
INSERT INTO public.phase_steps VALUES ('378ee1e5-5168-40da-a7c8-5ec36236e669', '987fe99d-9766-4869-9c38-5f936c3a8248', 'Documentation & manual', 1, 'pending', '95742447-39bf-46eb-8eea-ed16a808e164', '2026-06-01', '2026-06-10', NULL, '2026-05-11 17:21:23.433908+07');
INSERT INTO public.phase_steps VALUES ('02843f08-7080-4d1b-a19f-d7a97f07c660', '987fe99d-9766-4869-9c38-5f936c3a8248', 'Customer training', 2, 'pending', '1d57e25a-e741-4cc7-aa88-55276aba0df8', '2026-06-11', '2026-06-20', NULL, '2026-05-11 17:21:23.433908+07');
INSERT INTO public.phase_steps VALUES ('c61a057b-e413-4df4-be94-325b069eaea3', '987fe99d-9766-4869-9c38-5f936c3a8248', 'Final sign-off & warranty start', 3, 'pending', '1d57e25a-e741-4cc7-aa88-55276aba0df8', '2026-06-30', '2026-06-30', NULL, '2026-05-11 17:21:23.433908+07');
INSERT INTO public.phase_steps VALUES ('646a7236-5d66-459d-90fd-82eeaaebfdbf', '0965667c-1473-4525-bee8-2d8237306856', 'สำรวจพื้นที่ติดตั้ง Sonar ระยอง', 1, 'done', 'b31dbffc-0fd4-42fe-8ae5-a960de5b328d', '2026-02-01', '2026-02-10', NULL, '2026-05-11 18:55:31.797887+07');
INSERT INTO public.phase_steps VALUES ('7f2f03e3-2480-409a-b342-9ca1badcb853', '0965667c-1473-4525-bee8-2d8237306856', 'ออกแบบ layout + spec', 2, 'done', 'b31dbffc-0fd4-42fe-8ae5-a960de5b328d', '2026-02-11', '2026-02-20', NULL, '2026-05-11 18:55:31.797887+07');
INSERT INTO public.phase_steps VALUES ('61cc18e9-ac32-4c80-ad6e-9f6f3dd4f2db', '0965667c-1473-4525-bee8-2d8237306856', 'ลูกค้า approve design', 3, 'done', 'b31dbffc-0fd4-42fe-8ae5-a960de5b328d', '2026-02-28', '2026-02-28', NULL, '2026-05-11 18:55:31.797887+07');
INSERT INTO public.phase_steps VALUES ('9d08c23d-01a1-4714-8866-64d3377223a7', '32603fdd-5168-40be-8711-a3964c15360f', 'สร้าง PR สั่งซื้อ Sonar Module', 1, 'done', '32ae2c60-b3e7-4834-8729-23a4b3ecb2da', '2026-03-01', '2026-03-05', NULL, '2026-05-11 18:55:31.797887+07');
INSERT INTO public.phase_steps VALUES ('07edb96a-2ea1-4ab0-a832-df7f23a8f37e', '32603fdd-5168-40be-8711-a3964c15360f', 'PO อนุมัติ + ส่ง SAP', 2, 'done', 'eb90ebce-b926-4e40-82cd-2d746b24b28d', '2026-03-10', '2026-03-10', NULL, '2026-05-11 18:55:31.797887+07');
INSERT INTO public.phase_steps VALUES ('161fa41d-aa21-4d7e-bb88-938e344c9102', '32603fdd-5168-40be-8711-a3964c15360f', 'รับของ + ตรวจสอบคุณภาพ', 3, 'done', 'b31dbffc-0fd4-42fe-8ae5-a960de5b328d', '2026-03-28', '2026-03-31', NULL, '2026-05-11 18:55:31.797887+07');
INSERT INTO public.phase_steps VALUES ('75a15b69-aa49-4489-81b8-12a67e38bcf7', '183cabf8-f65c-43d3-bd9c-a4aea06a89c2', 'ติดตั้ง Sonar transducer ใต้น้ำ', 1, 'done', 'd0b32103-3b47-45cc-8aa9-5e7030cf226a', '2026-04-01', '2026-04-15', NULL, '2026-05-11 18:55:31.797887+07');
INSERT INTO public.phase_steps VALUES ('95eb0602-4422-44b7-b5e9-67568b809491', '183cabf8-f65c-43d3-bd9c-a4aea06a89c2', 'เดินสาย cable + display unit', 2, 'in_progress', 'ebee042c-0b67-4061-8ae0-6755b8549575', '2026-04-16', '2026-05-15', NULL, '2026-05-11 18:55:31.797887+07');
INSERT INTO public.phase_steps VALUES ('4a9b30a6-2534-488a-8504-85f95b1a4b59', '183cabf8-f65c-43d3-bd9c-a4aea06a89c2', 'สอบเทียบค่า depth reading', 3, 'pending', 'b31dbffc-0fd4-42fe-8ae5-a960de5b328d', '2026-05-16', '2026-05-31', NULL, '2026-05-11 18:55:31.797887+07');
INSERT INTO public.phase_steps VALUES ('77779630-2ca9-484b-830e-d6bef8e644fa', '183cabf8-f65c-43d3-bd9c-a4aea06a89c2', 'ทดสอบระบบรวม', 4, 'pending', 'b31dbffc-0fd4-42fe-8ae5-a960de5b328d', '2026-06-01', '2026-06-15', NULL, '2026-05-11 18:55:31.797887+07');
INSERT INTO public.phase_steps VALUES ('3a15b5fa-9939-4508-b558-48ff70598cad', 'e9b6398e-c524-4a49-a6ed-db1cce4bbdc2', 'UAT กับลูกค้า', 1, 'pending', 'b31dbffc-0fd4-42fe-8ae5-a960de5b328d', '2026-06-16', '2026-06-30', NULL, '2026-05-11 18:55:31.797887+07');
INSERT INTO public.phase_steps VALUES ('8fa2239e-b989-40b3-95bd-1096dd54aa7a', 'e9b6398e-c524-4a49-a6ed-db1cce4bbdc2', 'จัดทำเอกสาร + คู่มือ', 2, 'pending', '95742447-39bf-46eb-8eea-ed16a808e164', '2026-07-01', '2026-07-15', NULL, '2026-05-11 18:55:31.797887+07');
INSERT INTO public.phase_steps VALUES ('92a51487-3db9-48bb-b809-1877c4be35d4', '1e9295ec-d528-4b4a-86c2-ca5e2330c687', 'GPS integration & calibration', 3, 'done', 'd0b32103-3b47-45cc-8aa9-5e7030cf226a', '2026-05-01', '2026-05-15', '2026-05-29 00:02:27.72865+07', '2026-05-11 17:21:23.433908+07');
INSERT INTO public.phase_steps VALUES ('c7870585-e7c3-42b0-b8f7-96498e632a25', '1e9295ec-d528-4b4a-86c2-ca5e2330c687', 'System integration test', 4, 'done', 'ebee042c-0b67-4061-8ae0-6755b8549575', '2026-05-16', '2026-05-25', '2026-05-29 00:02:36.917718+07', '2026-05-11 17:21:23.433908+07');
INSERT INTO public.phase_steps VALUES ('ad61583c-01db-4f54-9c25-630c5c712dcb', 'e9b6398e-c524-4a49-a6ed-db1cce4bbdc2', 'ส่งมอบ + เริ่มรับประกัน', 3, 'pending', 'b31dbffc-0fd4-42fe-8ae5-a960de5b328d', '2026-07-31', '2026-07-31', NULL, '2026-05-11 18:55:31.797887+07');
INSERT INTO public.phase_steps VALUES ('2d5a625c-95fa-4de6-82aa-e18780f5f35d', 'e9affd4a-df62-4463-b4d0-4755eb5f4960', 'ตรวจสอบระบบ Radar เดิม', 1, 'done', 'd0b32103-3b47-45cc-8aa9-5e7030cf226a', '2026-03-01', '2026-03-10', NULL, '2026-05-11 18:55:31.797887+07');
INSERT INTO public.phase_steps VALUES ('f7c003ca-dd6c-424c-926a-7938edb73fd6', 'e9affd4a-df62-4463-b4d0-4755eb5f4960', 'วางแผน upgrade + เสนอราคา', 2, 'done', 'd0b32103-3b47-45cc-8aa9-5e7030cf226a', '2026-03-11', '2026-03-25', NULL, '2026-05-11 18:55:31.797887+07');
INSERT INTO public.phase_steps VALUES ('53e3c156-da01-485d-ab25-9abf8c0bb6ae', 'e9affd4a-df62-4463-b4d0-4755eb5f4960', 'อนุมัติแผนงาน', 3, 'done', 'd0b32103-3b47-45cc-8aa9-5e7030cf226a', '2026-03-31', '2026-03-31', NULL, '2026-05-11 18:55:31.797887+07');
INSERT INTO public.phase_steps VALUES ('c1bc562a-fe6a-4d97-81d1-5f69d965a4d5', 'ce09e0cb-fe98-45e2-ad0b-d9ead0c54402', 'สั่งซื้อ Wave Radar ใหม่', 1, 'done', '32ae2c60-b3e7-4834-8729-23a4b3ecb2da', '2026-04-01', '2026-04-15', NULL, '2026-05-11 18:55:31.797887+07');
INSERT INTO public.phase_steps VALUES ('110b2b1c-7232-4b05-aba6-5f50a6fc63c9', 'ce09e0cb-fe98-45e2-ad0b-d9ead0c54402', 'ถอดระบบ Radar เก่า', 2, 'pending', 'ebee042c-0b67-4061-8ae0-6755b8549575', '2026-05-01', '2026-05-15', NULL, '2026-05-11 18:55:31.797887+07');
INSERT INTO public.phase_steps VALUES ('682298df-e8a9-4cd6-baa5-82b1ad7f3eab', 'ce09e0cb-fe98-45e2-ad0b-d9ead0c54402', 'เตรียมโครงสร้างรองรับตัวใหม่', 3, 'pending', 'd0b32103-3b47-45cc-8aa9-5e7030cf226a', '2026-05-16', '2026-06-15', NULL, '2026-05-11 18:55:31.797887+07');
INSERT INTO public.phase_steps VALUES ('e074d554-0bed-4848-8086-89eadc024ac5', 'c1b66a44-97d1-4b74-8096-e72ec3ce8d12', 'ติดตั้ง Wave Radar ใหม่', 1, 'pending', 'd0b32103-3b47-45cc-8aa9-5e7030cf226a', '2026-07-01', '2026-07-20', NULL, '2026-05-11 18:55:31.797887+07');
INSERT INTO public.phase_steps VALUES ('1c7054b1-4241-441a-912c-211f0931a01b', 'c1b66a44-97d1-4b74-8096-e72ec3ce8d12', 'ทดสอบ + Commissioning', 2, 'pending', 'd0b32103-3b47-45cc-8aa9-5e7030cf226a', '2026-07-21', '2026-08-15', NULL, '2026-05-11 18:55:31.797887+07');
INSERT INTO public.phase_steps VALUES ('676398d3-7c3c-4c91-92af-f87bcadd5ad3', 'c1b66a44-97d1-4b74-8096-e72ec3ce8d12', 'ส่งมอบ', 3, 'pending', 'd0b32103-3b47-45cc-8aa9-5e7030cf226a', '2026-08-31', '2026-08-31', NULL, '2026-05-11 18:55:31.797887+07');
INSERT INTO public.phase_steps VALUES ('27cf14fd-9f1e-44da-95dd-0c426763624f', 'cbb29e11-de18-4717-af2d-0c20eb0d58eb', 'ออกแบบระบบ GPS Fleet', 1, 'done', '1d57e25a-e741-4cc7-aa88-55276aba0df8', '2026-01-01', '2026-01-15', NULL, '2026-05-11 18:55:31.797887+07');
INSERT INTO public.phase_steps VALUES ('e79ea8b2-8d3e-40d1-8420-79c388a0a20c', 'cbb29e11-de18-4717-af2d-0c20eb0d58eb', 'จัดซื้อ GPS Module', 2, 'done', '32ae2c60-b3e7-4834-8729-23a4b3ecb2da', '2026-01-16', '2026-02-15', NULL, '2026-05-11 18:55:31.797887+07');
INSERT INTO public.phase_steps VALUES ('03396e9d-4a4e-40a7-acbc-68affbecaff8', 'b9dd6468-f937-4b53-bc55-6b33a823287a', 'ติดตั้ง GPS บนรถ 15 คัน', 1, 'done', '95742447-39bf-46eb-8eea-ed16a808e164', '2026-02-16', '2026-03-31', NULL, '2026-05-11 18:55:31.797887+07');
INSERT INTO public.phase_steps VALUES ('05209bd9-3bcd-4fbd-ad3e-4a427e812a4c', 'b9dd6468-f937-4b53-bc55-6b33a823287a', 'ตั้งค่า Server + Software', 2, 'done', '24d99416-9114-405c-ac4d-97707f282c5c', '2026-04-01', '2026-04-15', NULL, '2026-05-11 18:55:31.797887+07');
INSERT INTO public.phase_steps VALUES ('d9e9e5de-2008-4170-87a6-0516777ce890', 'f9e35f8f-597a-41b7-a7a7-614d9fadec7c', 'ทดสอบ Tracking ครบ 15 คัน', 1, 'done', '1d57e25a-e741-4cc7-aa88-55276aba0df8', '2026-04-16', '2026-04-30', NULL, '2026-05-11 18:55:31.797887+07');
INSERT INTO public.phase_steps VALUES ('d6a68a74-d821-4597-8a36-59953e145345', 'f9e35f8f-597a-41b7-a7a7-614d9fadec7c', 'อบรมผู้ใช้งาน', 2, 'done', '95742447-39bf-46eb-8eea-ed16a808e164', '2026-05-01', '2026-05-10', NULL, '2026-05-11 18:55:31.797887+07');
INSERT INTO public.phase_steps VALUES ('94b2ddbf-2835-4a0b-aebd-93c25b87e937', 'f9e35f8f-597a-41b7-a7a7-614d9fadec7c', 'Go-live + Monitor', 3, 'active', '1d57e25a-e741-4cc7-aa88-55276aba0df8', '2026-05-11', '2026-05-31', NULL, '2026-05-11 18:55:31.797887+07');
INSERT INTO public.phase_steps VALUES ('a76f0020-0e3d-401e-aed9-646756a0c2a9', 'cca531d5-2e4f-4653-9520-4649ecaf5b3a', 'Survey สถานที่ + ความต้องการ', 1, 'done', 'b31dbffc-0fd4-42fe-8ae5-a960de5b328d', '2026-02-15', '2026-03-01', NULL, '2026-05-11 18:55:31.797887+07');
INSERT INTO public.phase_steps VALUES ('d2741817-83b2-43ed-ac09-4b82687678e3', 'cca531d5-2e4f-4653-9520-4649ecaf5b3a', 'ออกแบบ Satcom system', 2, 'done', 'b31dbffc-0fd4-42fe-8ae5-a960de5b328d', '2026-03-02', '2026-03-31', NULL, '2026-05-11 18:55:31.797887+07');
INSERT INTO public.phase_steps VALUES ('fd06b2dc-9d07-4889-9150-6ddf70860725', '5c5d2b18-60ac-4bb6-a017-bae3fbb1bc30', 'สั่งซื้อ Satcom Terminal', 1, 'done', 'eb90ebce-b926-4e40-82cd-2d746b24b28d', '2026-04-01', '2026-04-15', NULL, '2026-05-11 18:55:31.797887+07');
INSERT INTO public.phase_steps VALUES ('37417855-266b-48c7-b0c1-7cc12997969c', '5c5d2b18-60ac-4bb6-a017-bae3fbb1bc30', 'รับของ + ตรวจสอบ', 2, 'done', 'b31dbffc-0fd4-42fe-8ae5-a960de5b328d', '2026-04-20', '2026-04-30', NULL, '2026-05-11 18:55:31.797887+07');
INSERT INTO public.phase_steps VALUES ('7283758d-e033-4458-a4f8-02c93cbc3bb5', '318651c0-e752-4aae-af3e-86c0111851cb', 'ติดตั้งจานดาวเทียม + สายอากาศ', 1, 'in_progress', '1d57e25a-e741-4cc7-aa88-55276aba0df8', '2026-05-01', '2026-05-31', NULL, '2026-05-11 18:55:31.797887+07');
INSERT INTO public.phase_steps VALUES ('931cf3d3-c76e-4e14-8a9f-ec20d129a4de', '318651c0-e752-4aae-af3e-86c0111851cb', 'เชื่อมต่อ indoor unit', 2, 'pending', 'ebee042c-0b67-4061-8ae0-6755b8549575', '2026-06-01', '2026-06-30', NULL, '2026-05-11 18:55:31.797887+07');
INSERT INTO public.phase_steps VALUES ('3bdc0d28-e873-4975-b447-091940ea7e3c', '318651c0-e752-4aae-af3e-86c0111851cb', 'ทดสอบสัญญาณ', 3, 'pending', 'b31dbffc-0fd4-42fe-8ae5-a960de5b328d', '2026-07-01', '2026-07-31', NULL, '2026-05-11 18:55:31.797887+07');
INSERT INTO public.phase_steps VALUES ('0978aa25-8b67-4470-801c-32bee95613e8', '815df630-d7ac-40b5-8e24-37a4ef794951', 'Commissioning + ทดสอบจริง', 1, 'pending', 'b31dbffc-0fd4-42fe-8ae5-a960de5b328d', '2026-08-01', '2026-08-31', NULL, '2026-05-11 18:55:31.797887+07');
INSERT INTO public.phase_steps VALUES ('6ec00762-283e-4afb-a17e-5b82c8069809', '815df630-d7ac-40b5-8e24-37a4ef794951', 'อบรม + ส่งมอบ', 2, 'pending', 'b31dbffc-0fd4-42fe-8ae5-a960de5b328d', '2026-09-01', '2026-09-30', NULL, '2026-05-11 18:55:31.797887+07');
INSERT INTO public.phase_steps VALUES ('7493c223-c1d7-4d29-b9d2-6c19f10a34d2', 'cb6a031f-a9c8-4f1e-94ca-ac701e5a2926', 'สำรวจจุดติดตั้ง 3 จุด', 1, 'done', 'd0b32103-3b47-45cc-8aa9-5e7030cf226a', '2026-03-01', '2026-03-15', NULL, '2026-05-11 18:55:31.797887+07');
INSERT INTO public.phase_steps VALUES ('19685dc4-3b9f-4957-b6f2-ee154f9c1e74', 'cb6a031f-a9c8-4f1e-94ca-ac701e5a2926', 'ออกแบบ AIS network', 2, 'done', 'd0b32103-3b47-45cc-8aa9-5e7030cf226a', '2026-03-16', '2026-03-31', NULL, '2026-05-11 18:55:31.797887+07');
INSERT INTO public.phase_steps VALUES ('b139cbe1-32d9-43b2-9d2b-14b7ffe25437', 'e6169095-a5cc-4b05-a5d7-6bba8f0668a4', 'ติดตั้ง AIS จุดที่ 1', 1, 'done', 'ebee042c-0b67-4061-8ae0-6755b8549575', '2026-04-01', '2026-04-15', NULL, '2026-05-11 18:55:31.797887+07');
INSERT INTO public.phase_steps VALUES ('ec8b0e8d-67fe-4b83-a023-6cb62a996990', 'e6169095-a5cc-4b05-a5d7-6bba8f0668a4', 'ทดสอบสัญญาณครบ 3 จุด', 4, 'pending', 'd0b32103-3b47-45cc-8aa9-5e7030cf226a', '2026-06-20', '2026-07-31', NULL, '2026-05-11 18:55:31.797887+07');
INSERT INTO public.phase_steps VALUES ('2c3c715b-bcb7-4799-8807-389200e36f68', 'd9330635-0e96-4568-8ad6-f681c339f81b', 'ทดสอบ AIS ระบบรวม', 1, 'pending', 'd0b32103-3b47-45cc-8aa9-5e7030cf226a', '2026-08-01', '2026-08-15', NULL, '2026-05-11 18:55:31.797887+07');
INSERT INTO public.phase_steps VALUES ('f3799ea9-a0ab-48e8-9dac-63ad0a572658', 'd9330635-0e96-4568-8ad6-f681c339f81b', 'ส่งมอบ + รับประกัน', 2, 'pending', 'd0b32103-3b47-45cc-8aa9-5e7030cf226a', '2026-08-16', '2026-08-30', NULL, '2026-05-11 18:55:31.797887+07');
INSERT INTO public.phase_steps VALUES ('79873c22-2c3e-4df9-a216-a199a3dcc219', 'c1233a93-482e-44bf-ab7f-cb597ec5782b', 'สำรวจจุดติดตั้ง 5 สถานี', 1, 'done', 'b31dbffc-0fd4-42fe-8ae5-a960de5b328d', '2026-04-01', '2026-04-20', NULL, '2026-05-11 18:55:31.797887+07');
INSERT INTO public.phase_steps VALUES ('2d9a95cb-b9ae-4f2f-9c87-5c3ac16c907a', 'c1233a93-482e-44bf-ab7f-cb597ec5782b', 'สั่งซื้ออุปกรณ์ Weather Station', 2, 'in_progress', '32ae2c60-b3e7-4834-8729-23a4b3ecb2da', '2026-04-25', '2026-05-31', NULL, '2026-05-11 18:55:31.797887+07');
INSERT INTO public.phase_steps VALUES ('ccc4d1d2-ce6c-4a0b-864c-dab00a075afa', 'c1233a93-482e-44bf-ab7f-cb597ec5782b', 'เตรียมเสา + โครงสร้าง', 3, 'pending', '95742447-39bf-46eb-8eea-ed16a808e164', '2026-06-01', '2026-06-30', NULL, '2026-05-11 18:55:31.797887+07');
INSERT INTO public.phase_steps VALUES ('ead694cc-f07e-4822-bd57-920d95a6827d', 'dae623bf-8cc7-47a1-8a37-6ff827ec8c04', 'ติดตั้งสถานีที่ 1-2', 1, 'pending', 'b31dbffc-0fd4-42fe-8ae5-a960de5b328d', '2026-07-01', '2026-07-31', NULL, '2026-05-11 18:55:31.797887+07');
INSERT INTO public.phase_steps VALUES ('351d4131-077b-4d74-a293-9a7fddd20084', 'dae623bf-8cc7-47a1-8a37-6ff827ec8c04', 'ติดตั้งสถานีที่ 3-4', 2, 'pending', 'd0b32103-3b47-45cc-8aa9-5e7030cf226a', '2026-08-01', '2026-08-31', NULL, '2026-05-11 18:55:31.797887+07');
INSERT INTO public.phase_steps VALUES ('268c2435-6b57-430b-9ee5-186789ea749d', 'dae623bf-8cc7-47a1-8a37-6ff827ec8c04', 'ติดตั้งสถานีที่ 5 + เชื่อม network', 3, 'pending', 'b31dbffc-0fd4-42fe-8ae5-a960de5b328d', '2026-09-01', '2026-09-30', NULL, '2026-05-11 18:55:31.797887+07');
INSERT INTO public.phase_steps VALUES ('f002a88c-ad5e-40ac-af23-0c61ed5647e8', '5514fe77-a67f-4892-9616-a2c6934fdcfa', 'ทดสอบ 5 สถานี + data center', 1, 'pending', '24d99416-9114-405c-ac4d-97707f282c5c', '2026-10-01', '2026-10-20', NULL, '2026-05-11 18:55:31.797887+07');
INSERT INTO public.phase_steps VALUES ('c2842de9-5751-4b62-85d9-e00fee524ce4', '5514fe77-a67f-4892-9616-a2c6934fdcfa', 'ส่งมอบ', 2, 'pending', 'b31dbffc-0fd4-42fe-8ae5-a960de5b328d', '2026-10-21', '2026-10-31', NULL, '2026-05-11 18:55:31.797887+07');
INSERT INTO public.phase_steps VALUES ('efeabe01-6666-4e31-be34-1eff77a6c85c', '1fabc801-5546-4e55-9e59-b6e31a5c711c', 'ออกแบบ layout กล้อง 24 จุด', 1, 'done', '1d57e25a-e741-4cc7-aa88-55276aba0df8', '2026-02-15', '2026-02-28', NULL, '2026-05-11 18:55:31.797887+07');
INSERT INTO public.phase_steps VALUES ('3bf74862-ba9a-4645-acdc-eedba68d0da8', '1fabc801-5546-4e55-9e59-b6e31a5c711c', 'สั่งซื้อกล้อง + NVR + อุปกรณ์', 2, 'done', 'eb90ebce-b926-4e40-82cd-2d746b24b28d', '2026-03-01', '2026-03-15', NULL, '2026-05-11 18:55:31.797887+07');
INSERT INTO public.phase_steps VALUES ('4be70426-9d54-4a9e-9d8e-2d8101454cb0', '6559ecd5-ff7f-4879-a57e-520d62fb9a2f', 'ติดตั้ง Zone A (8 กล้อง)', 1, 'done', '1d57e25a-e741-4cc7-aa88-55276aba0df8', '2026-03-16', '2026-04-05', NULL, '2026-05-11 18:55:31.797887+07');
INSERT INTO public.phase_steps VALUES ('9986d1de-c970-439c-82ca-84693547228b', '6559ecd5-ff7f-4879-a57e-520d62fb9a2f', 'ติดตั้ง Zone B (8 กล้อง)', 2, 'done', 'b31dbffc-0fd4-42fe-8ae5-a960de5b328d', '2026-04-06', '2026-04-25', NULL, '2026-05-11 18:55:31.797887+07');
INSERT INTO public.phase_steps VALUES ('adca59b1-4f4a-4bfa-a137-eeb28d322658', '6559ecd5-ff7f-4879-a57e-520d62fb9a2f', 'ติดตั้ง Zone C (8 กล้อง)', 3, 'done', 'ebee042c-0b67-4061-8ae0-6755b8549575', '2026-04-26', '2026-05-10', NULL, '2026-05-11 18:55:31.797887+07');
INSERT INTO public.phase_steps VALUES ('2dbedc1e-a2af-477a-8037-c24289afbba7', '6559ecd5-ff7f-4879-a57e-520d62fb9a2f', 'ตั้งค่า NVR + Software', 4, 'in_progress', '24d99416-9114-405c-ac4d-97707f282c5c', '2026-05-11', '2026-05-25', NULL, '2026-05-11 18:55:31.797887+07');
INSERT INTO public.phase_steps VALUES ('5864c625-68a1-402f-b531-cab12c7a7f65', '6559ecd5-ff7f-4879-a57e-520d62fb9a2f', 'ทดสอบ Live + Playback', 5, 'pending', '24d99416-9114-405c-ac4d-97707f282c5c', '2026-05-26', '2026-05-31', NULL, '2026-05-11 18:55:31.797887+07');
INSERT INTO public.phase_steps VALUES ('66b1bec3-a371-4ce6-9392-66619878e16b', '26e0a643-40fb-4b50-b965-70fd861871df', 'อบรมเจ้าหน้าที่ท่าเรือ', 1, 'pending', '1d57e25a-e741-4cc7-aa88-55276aba0df8', '2026-06-01', '2026-06-15', NULL, '2026-05-11 18:55:31.797887+07');
INSERT INTO public.phase_steps VALUES ('c6721379-2e22-4724-84f4-05eb015e54c5', '26e0a643-40fb-4b50-b965-70fd861871df', 'ส่งมอบ + รับประกัน 1 ปี', 2, 'pending', '1d57e25a-e741-4cc7-aa88-55276aba0df8', '2026-06-16', '2026-07-31', NULL, '2026-05-11 18:55:31.797887+07');
INSERT INTO public.phase_steps VALUES ('c786efab-52e6-49a7-8ccf-fc6dcd1c7324', 'f6421305-966c-4143-9394-700b5b16ca10', 'ประชุม requirement กับกองทัพเรือ', 1, 'pending', '75b4f523-f342-4c11-97b5-26757ccf1449', '2026-06-01', '2026-06-15', NULL, '2026-05-11 18:55:31.797887+07');
INSERT INTO public.phase_steps VALUES ('c497636f-2637-4fe9-9748-d9bce4c9fe69', 'f6421305-966c-4143-9394-700b5b16ca10', 'สำรวจระบบเดิม + ออกแบบใหม่', 2, 'pending', '1d57e25a-e741-4cc7-aa88-55276aba0df8', '2026-06-16', '2026-07-15', NULL, '2026-05-11 18:55:31.797887+07');
INSERT INTO public.phase_steps VALUES ('14e8fff0-f60c-4639-833c-d7ca09f6f25d', 'f6421305-966c-4143-9394-700b5b16ca10', 'นำเสนอ proposal', 3, 'pending', '75b4f523-f342-4c11-97b5-26757ccf1449', '2026-07-16', '2026-07-31', NULL, '2026-05-11 18:55:31.797887+07');
INSERT INTO public.phase_steps VALUES ('16c55abe-5c86-4293-a44d-0463228861df', '732caa40-20dd-45d2-9bed-919b3055d550', 'จัดซื้ออุปกรณ์สื่อสาร', 1, 'pending', '32ae2c60-b3e7-4834-8729-23a4b3ecb2da', '2026-08-01', '2026-09-30', NULL, '2026-05-11 18:55:31.797887+07');
INSERT INTO public.phase_steps VALUES ('c2a86f55-cbf0-4d03-b2aa-0ee8c81053c3', '732caa40-20dd-45d2-9bed-919b3055d550', 'ติดตั้ง + commissioning', 2, 'pending', 'd0b32103-3b47-45cc-8aa9-5e7030cf226a', '2026-10-01', '2026-11-30', NULL, '2026-05-11 18:55:31.797887+07');
INSERT INTO public.phase_steps VALUES ('73dae541-e023-4c96-a32e-8f341a0cc0df', 'ca4d39ed-28bd-43bd-9d8f-74c3e686c239', 'ทดสอบ + ส่งมอบ', 1, 'pending', '75b4f523-f342-4c11-97b5-26757ccf1449', '2026-12-01', '2026-12-31', NULL, '2026-05-11 18:55:31.797887+07');
INSERT INTO public.phase_steps VALUES ('3175cfb6-a246-4a9e-bcee-c337d62d37bb', '97ee6fb5-30b6-4f29-b7c5-606252249e93', 'Survey สถานที่ติดตั้ง Radar 3 จุด', 1, 'done', 'd0b32103-3b47-45cc-8aa9-5e7030cf226a', '2026-03-15', '2026-04-15', NULL, '2026-05-11 18:55:31.797887+07');
INSERT INTO public.phase_steps VALUES ('d7e4e78c-2da8-4682-b9d7-7243ccced6cc', '97ee6fb5-30b6-4f29-b7c5-606252249e93', 'ออกแบบ Network topology', 2, 'in_progress', '24d99416-9114-405c-ac4d-97707f282c5c', '2026-04-16', '2026-05-15', NULL, '2026-05-11 18:55:31.797887+07');
INSERT INTO public.phase_steps VALUES ('c3ad5d29-10c9-4db5-abea-26c038207ddf', '97ee6fb5-30b6-4f29-b7c5-606252249e93', 'นำเสนอ design ให้ลูกค้า', 3, 'pending', 'd0b32103-3b47-45cc-8aa9-5e7030cf226a', '2026-05-16', '2026-05-31', NULL, '2026-05-11 18:55:31.797887+07');
INSERT INTO public.phase_steps VALUES ('b8b04344-0f1b-4f5b-ace3-2c59a87ce392', 'd12d5896-8b9a-4a01-857a-a3d531dd5919', 'สั่งซื้ออุปกรณ์ Radar + AIS', 1, 'in_progress', '32ae2c60-b3e7-4834-8729-23a4b3ecb2da', '2026-04-15', '2026-06-30', NULL, '2026-05-11 18:55:31.797887+07');
INSERT INTO public.phase_steps VALUES ('162c1e22-b144-4dd6-ab13-6dc362ac5e45', 'd12d5896-8b9a-4a01-857a-a3d531dd5919', 'สั่งซื้อ Server + Software', 2, 'pending', 'eb90ebce-b926-4e40-82cd-2d746b24b28d', '2026-05-01', '2026-07-31', NULL, '2026-05-11 18:55:31.797887+07');
INSERT INTO public.phase_steps VALUES ('dc1420c6-faf9-4252-b575-99fe82850ad1', 'a8a8bd78-c258-49b6-a47a-29772b763cdb', 'ติดตั้ง Radar 3 จุด', 1, 'pending', 'd0b32103-3b47-45cc-8aa9-5e7030cf226a', '2026-08-01', '2026-09-15', NULL, '2026-05-11 18:55:31.797887+07');
INSERT INTO public.phase_steps VALUES ('09b2c439-382c-4d68-a61f-253d2bf8adbe', 'a8a8bd78-c258-49b6-a47a-29772b763cdb', 'ติดตั้ง VTS Server', 2, 'pending', '24d99416-9114-405c-ac4d-97707f282c5c', '2026-09-16', '2026-10-15', NULL, '2026-05-11 18:55:31.797887+07');
INSERT INTO public.phase_steps VALUES ('1c41d147-a167-4194-b783-d6ee7cf22319', 'a8a8bd78-c258-49b6-a47a-29772b763cdb', 'Integration + Testing', 3, 'pending', 'b31dbffc-0fd4-42fe-8ae5-a960de5b328d', '2026-10-16', '2026-10-31', NULL, '2026-05-11 18:55:31.797887+07');
INSERT INTO public.phase_steps VALUES ('f69499bf-932b-4420-86c4-eeabca815949', '2bf57d7c-f70b-40a1-a79d-8c4e582fcbae', 'Commissioning', 1, 'pending', 'd0b32103-3b47-45cc-8aa9-5e7030cf226a', '2026-11-01', '2026-11-15', NULL, '2026-05-11 18:55:31.797887+07');
INSERT INTO public.phase_steps VALUES ('5caefffa-e4c4-49e9-b6a3-a3b720549380', '2bf57d7c-f70b-40a1-a79d-8c4e582fcbae', 'อบรม + ส่งมอบ', 2, 'pending', 'd0b32103-3b47-45cc-8aa9-5e7030cf226a', '2026-11-16', '2026-11-30', NULL, '2026-05-11 18:55:31.797887+07');
INSERT INTO public.phase_steps VALUES ('ee022cfd-ba0b-4adc-8d67-c48a483a97c4', '66258dfc-783b-41e9-8377-0238e3696ca7', 'ตรวจสอบ Gyro เก่า 3 ลำ', 1, 'done', '1d57e25a-e741-4cc7-aa88-55276aba0df8', '2025-10-01', '2025-10-15', NULL, '2026-05-11 18:55:31.797887+07');
INSERT INTO public.phase_steps VALUES ('03f9b228-10a0-4110-bf7d-405bf3f82160', '66258dfc-783b-41e9-8377-0238e3696ca7', 'เสนอราคาเปลี่ยน Gyro', 2, 'done', '1d57e25a-e741-4cc7-aa88-55276aba0df8', '2025-10-16', '2025-10-31', NULL, '2026-05-11 18:55:31.797887+07');
INSERT INTO public.phase_steps VALUES ('0b74c11b-2148-4e71-a13e-5dac14a981d2', '9ee827e7-8e05-49c7-9fcd-ad274fa3687f', 'เปลี่ยน Gyro ลำที่ 1', 1, 'done', 'd0b32103-3b47-45cc-8aa9-5e7030cf226a', '2025-11-01', '2025-11-30', NULL, '2026-05-11 18:55:31.797887+07');
INSERT INTO public.phase_steps VALUES ('d5b853ad-3760-454a-88ae-cd247c33a526', '9ee827e7-8e05-49c7-9fcd-ad274fa3687f', 'เปลี่ยน Gyro ลำที่ 2', 2, 'done', 'd0b32103-3b47-45cc-8aa9-5e7030cf226a', '2025-12-01', '2025-12-31', NULL, '2026-05-11 18:55:31.797887+07');
INSERT INTO public.phase_steps VALUES ('4233f118-f2a1-4196-b41c-6f68f0e73b15', '9ee827e7-8e05-49c7-9fcd-ad274fa3687f', 'เปลี่ยน Gyro ลำที่ 3', 3, 'done', 'd0b32103-3b47-45cc-8aa9-5e7030cf226a', '2026-01-01', '2026-01-31', NULL, '2026-05-11 18:55:31.797887+07');
INSERT INTO public.phase_steps VALUES ('48467766-41ba-4563-a6ab-950f984629c8', 'bc5ba0ee-2048-4770-b181-e5597709b2cb', 'Sea trial ทดสอบ 3 ลำ', 1, 'done', '1d57e25a-e741-4cc7-aa88-55276aba0df8', '2026-02-01', '2026-02-15', NULL, '2026-05-11 18:55:31.797887+07');
INSERT INTO public.phase_steps VALUES ('1c79d6bc-a72b-4848-ba21-912927bad4ae', 'bc5ba0ee-2048-4770-b181-e5597709b2cb', 'ส่งมอบ + รับประกัน', 2, 'done', '1d57e25a-e741-4cc7-aa88-55276aba0df8', '2026-02-16', '2026-02-28', NULL, '2026-05-11 18:55:31.797887+07');
INSERT INTO public.phase_steps VALUES ('6abf0668-1507-47d8-9965-b803ec82aa9e', 'e6169095-a5cc-4b05-a5d7-6bba8f0668a4', 'ติดตั้ง AIS จุดที่ 3', 3, 'pending', '95742447-39bf-46eb-8eea-ed16a808e164', '2026-05-20', '2026-06-15', '2026-05-26 17:07:06.363076+07', '2026-05-11 18:55:31.797887+07');
INSERT INTO public.phase_steps VALUES ('c34027d7-b4fc-40f0-8762-aab6f1526b65', 'e6169095-a5cc-4b05-a5d7-6bba8f0668a4', 'ติดตั้ง AIS จุดที่ 2', 2, 'pending', 'ebee042c-0b67-4061-8ae0-6755b8549575', '2026-04-20', '2026-05-15', '2026-05-26 17:07:11.22988+07', '2026-05-11 18:55:31.797887+07');
INSERT INTO public.phase_steps VALUES ('3954e0f5-67bb-485f-83ee-bb0bec9498ec', 'e6169095-a5cc-4b05-a5d7-6bba8f0668a4', 'เพิ่มมม', 5, 'pending', NULL, NULL, NULL, NULL, '2026-05-27 10:04:42.677192+07');


--
-- Data for Name: pr_lines; Type: TABLE DATA; Schema: public; Owner: -
--

INSERT INTO public.pr_lines VALUES ('349e1010-776c-425c-bcaf-23913b8c3c80', 'adf29eb4-2720-46d3-9b52-513a02b57f5f', 1, 'GR-0001', 'Gyro Compass Marine Grade', 1.00, 'EA', 112149.53, 120000.00, '114101', 'IG07', NULL, '2026-05-12 10:31:26.154389+07');
INSERT INTO public.pr_lines VALUES ('2c836421-4349-484d-8ecc-f329c7f6b516', '8a956d88-3ca6-4305-b7e3-b2aa0462ac28', 1, 'SN-0001', 'Sonar Module 50/200kHz', 1.00, 'Set', 57943.93, 62000.00, '114101', 'IG07', NULL, '2026-05-12 10:31:26.154389+07');
INSERT INTO public.pr_lines VALUES ('ae102a0c-0745-4c07-bf54-d1e76ff38ab9', '2e217d88-e779-40c6-b46d-97591e0ae346', 1, 'EX-0001', 'Calibration Tool Set', 1.00, 'Set', 22000.00, 22000.00, '511120', 'IG07', NULL, '2026-05-12 10:31:26.154389+07');
INSERT INTO public.pr_lines VALUES ('9527c9d7-d99d-40f5-9610-71f65d79740d', '2e217d88-e779-40c6-b46d-97591e0ae346', 2, 'OT-0001', 'Connector Kit Waterproof', 5.00, 'EA', 2700.00, 13500.00, '511120', 'IG07', NULL, '2026-05-12 10:31:26.154389+07');
INSERT INTO public.pr_lines VALUES ('4577f205-5f7b-4d62-a08a-d02f35d86da2', '3845a3be-4cfb-4a45-a1ed-ca1f05848441', 1, 'OT-0003', 'Waterproof Case IP67', 5.00, 'EA', 1560.00, 7800.00, '511120', 'IG07', NULL, '2026-05-12 10:31:26.154389+07');
INSERT INTO public.pr_lines VALUES ('2bc3ec81-0091-4473-bcdc-817455356a6d', '35c64290-dc1e-43f2-a83a-54e018b960c1', 1, 'SD-0015', 'Sounder Transducer 200kHz Marine Grade', 1.00, 'EA', 79439.25, 85000.00, '114101', 'IG07', NULL, '2026-05-12 10:31:26.154389+07');
INSERT INTO public.pr_lines VALUES ('3a0397b4-c7d1-438d-8b87-d3ce32fbea9b', '133fec17-eff4-4289-82fc-cd15728dbe34', 1, 'OT-0010', 'Marine VHF Antenna', 2.00, 'EA', 21028.04, 45000.00, '114101', 'IG07', NULL, '2026-05-12 10:31:26.154389+07');
INSERT INTO public.pr_lines VALUES ('4a52febf-0393-48b2-8ba4-7006c20bc9fb', '7de2eab3-03f2-4c53-82cd-7b3fb8a3b774', 1, 'WR-0001', 'Wave Radar 4kW Open Array', 1.00, 'Set', 140186.92, 150000.00, '114101', 'IG07', NULL, '2026-05-12 10:31:26.154389+07');
INSERT INTO public.pr_lines VALUES ('c5e025af-7a92-4504-aabf-185e06c62669', '7de2eab3-03f2-4c53-82cd-7b3fb8a3b774', 2, 'OT-0005', 'Network Cable Cat6 Shielded', 100.00, 'EA', 280.37, 30000.00, '511120', 'IG07', NULL, '2026-05-12 10:31:26.154389+07');
INSERT INTO public.pr_lines VALUES ('07045219-6d62-4117-bbfd-f512b79a57c2', '7d64d630-7780-4293-a201-5b19975a01f9', 1, 'GP-0001', 'GPS Navigator Module', 2.00, 'EA', 11682.24, 25000.00, '114101', 'IG07', NULL, '2026-05-12 10:31:26.154389+07');
INSERT INTO public.pr_lines VALUES ('8cf31603-94f5-4022-b698-8e15a357f913', 'b4d0e4ad-9ed3-4d9d-93f1-6012afe6bb58', 1, 'OT-0005', 'Network Cable Cat6 50m', 50.00, 'EA', 158.88, 8500.00, '511120', 'IG07', NULL, '2026-05-12 10:31:26.154389+07');
INSERT INTO public.pr_lines VALUES ('7f1eda93-4edd-4473-b424-fcbe6bd92ba4', '50a34d47-5281-4acb-bfe7-25ef24b7ac05', 1, 'EX-0010', 'กระดาษ A4 80g', 10.00, 'EA', 120.00, 1200.00, '522709', 'IG00', NULL, '2026-05-12 10:31:26.154389+07');
INSERT INTO public.pr_lines VALUES ('d3af1c6a-c831-49b1-9dfc-dabeb22c1c68', '50a34d47-5281-4acb-bfe7-25ef24b7ac05', 2, 'EX-0011', 'หมึกพิมพ์ HP 680', 2.00, 'EA', 450.00, 900.00, '522709', 'IG00', NULL, '2026-05-12 10:31:26.154389+07');
INSERT INTO public.pr_lines VALUES ('0ac219c2-2542-4ef5-9a95-84e70c1858ae', '50a34d47-5281-4acb-bfe7-25ef24b7ac05', 3, 'EX-0012', 'เครื่องเขียนชุด', 1.00, 'Set', 1100.00, 1100.00, '522709', 'IG00', NULL, '2026-05-12 10:31:26.154389+07');
INSERT INTO public.pr_lines VALUES ('d73fd733-803b-4830-9546-3667eeb54886', '86af0364-4652-4c5a-a2ff-9bff87a74788', 1, 'OT-0020', 'AIS Transponder Class A', 3.00, 'EA', 93457.94, 300000.00, '114101', 'IG07', NULL, '2026-05-12 10:31:26.154389+07');
INSERT INTO public.pr_lines VALUES ('c754fc6c-fbd9-441e-b792-a1bbd652a46e', '86af0364-4652-4c5a-a2ff-9bff87a74788', 2, 'OT-0021', 'AIS Antenna + Cable Kit', 3.00, 'Set', 15420.56, 50000.00, '114101', 'IG07', NULL, '2026-05-12 10:31:26.154389+07');
INSERT INTO public.pr_lines VALUES ('83740f61-5fa7-413f-b72e-ae0069680cf1', '7f61906d-c3d0-42d7-b8d4-a6f9dd77b4f0', 1, 'CP-0010', 'CCTV IP Camera 4MP', 24.00, 'EA', 28037.38, 720000.00, '114101', 'IG07', NULL, '2026-05-12 10:31:26.154389+07');
INSERT INTO public.pr_lines VALUES ('17d432d6-d725-406f-b3ba-6f94c5573a85', '7f61906d-c3d0-42d7-b8d4-a6f9dd77b4f0', 2, 'CP-0011', 'NVR 32ch Server', 2.00, 'Set', 46728.97, 100000.00, '114101', 'IG07', NULL, '2026-05-12 10:31:26.154389+07');
INSERT INTO public.pr_lines VALUES ('e6c2f872-8acd-43e5-803e-77c0dd182f66', '7f61906d-c3d0-42d7-b8d4-a6f9dd77b4f0', 3, 'CP-0012', 'Network Switch PoE 24port', 4.00, 'EA', 23364.49, 100000.00, '114101', 'IG07', NULL, '2026-05-12 10:31:26.154389+07');
INSERT INTO public.pr_lines VALUES ('ade944bd-5344-4cc7-80ad-971d279143a2', 'c640c3b3-76a9-47e9-933d-b9714c3edfc6', 1, 'CP-0015', 'VMS Software License (64ch)', 1.00, 'Set', 280373.83, 300000.00, '114101', 'IG07', NULL, '2026-05-12 10:31:26.154389+07');
INSERT INTO public.pr_lines VALUES ('cd14ec91-b47c-4d6b-b9d4-60af83dce30d', 'c640c3b3-76a9-47e9-933d-b9714c3edfc6', 2, 'CP-0016', 'Monitor 55" Display', 4.00, 'EA', 18691.59, 80000.00, '114101', 'IG07', NULL, '2026-05-12 10:31:26.154389+07');
INSERT INTO public.pr_lines VALUES ('31711f8c-4d37-4f8c-982e-aba1e9604a46', '4778d85d-0e61-45bd-bc93-af220c3683aa', 1, 'OT-0030', 'Weather Station Unit', 5.00, 'Set', 74766.36, 400000.00, '114101', 'IG07', NULL, '2026-05-12 10:31:26.154389+07');
INSERT INTO public.pr_lines VALUES ('57dfd146-0a96-4cb6-b63b-dd51ab7e6780', '4778d85d-0e61-45bd-bc93-af220c3683aa', 2, 'OT-0031', 'Data Logger + Modem', 5.00, 'Set', 9345.79, 50000.00, '114101', 'IG07', NULL, '2026-05-12 10:31:26.154389+07');
INSERT INTO public.pr_lines VALUES ('eb068d51-ca4d-4cd7-8b74-eaa2c6e6de03', 'bc64c5e4-d8f3-49e8-ad0e-a5428662b027', 1, 'WR-0010', 'VTS Radar 25kW', 3.00, 'Set', 280373.83, 900000.00, '114101', 'IG07', NULL, '2026-05-12 10:31:26.154389+07');
INSERT INTO public.pr_lines VALUES ('e74d0e0f-64b5-4eae-94ed-704b908724b3', 'bc64c5e4-d8f3-49e8-ad0e-a5428662b027', 2, 'OT-0040', 'AIS Base Station', 3.00, 'Set', 93457.94, 300000.00, '114101', 'IG07', NULL, '2026-05-12 10:31:26.154389+07');
INSERT INTO public.pr_lines VALUES ('b2d16991-a562-494d-9c9b-e24b66c45a03', 'bd6f1215-05ec-4d36-a780-20e32200fc5b', 1, 'CP-0020', 'VTS Server Rack', 2.00, 'Set', 280373.83, 600000.00, '114101', 'IG07', NULL, '2026-05-12 10:31:26.154389+07');
INSERT INTO public.pr_lines VALUES ('39e9f319-82b7-42a6-b1c6-c7995d5ac0c0', 'bd6f1215-05ec-4d36-a780-20e32200fc5b', 2, 'CP-0021', 'VTS Software License', 1.00, 'Set', 233644.86, 250000.00, '114101', 'IG07', NULL, '2026-05-12 10:31:26.154389+07');
INSERT INTO public.pr_lines VALUES ('070e627b-181a-47fe-8727-7d00bf467270', '4f3121dd-c29e-4676-bb98-16c445c7192b', 1, 'OT-0022', 'AIS Coaxial Cable 50m', 10.00, 'EA', 5607.48, 60000.00, '114101', 'IG07', NULL, '2026-05-12 10:31:26.154389+07');
INSERT INTO public.pr_lines VALUES ('ba181d62-7d37-41f0-b5f9-befc7b6876e2', '1d3a883a-e459-40ed-bdee-dd50555cc272', 1, 'SN-0005', 'Sonar Transducer Replacement', 1.00, 'EA', 22429.91, 24000.00, '114101', 'IG07', NULL, '2026-05-12 10:31:26.154389+07');
INSERT INTO public.pr_lines VALUES ('5d642d48-ca0d-463c-a0a9-6f70d246b431', '1d3a883a-e459-40ed-bdee-dd50555cc272', 2, 'OT-0001', 'Connector Kit', 2.00, 'EA', 1869.16, 4000.00, '511120', 'IG07', NULL, '2026-05-12 10:31:26.154389+07');
INSERT INTO public.pr_lines VALUES ('6c11ea81-e6f3-4a72-9773-f6d52c34c5dd', 'b58aa26d-a24b-457f-85d3-0fa4b5d0a664', 1, 'ITM-009', 'Network Switch 24-Port PoE', 4.00, 'EA', 18000.00, 72000.00, '114101', 'IG07', NULL, '2026-05-28 17:23:37.343676+07');
INSERT INTO public.pr_lines VALUES ('4a04c3a8-5c1c-41ed-99c5-412499c8220c', 'b58aa26d-a24b-457f-85d3-0fa4b5d0a664', 2, 'ITM-003', 'Sonar Transducer', 1.00, 'EA', 45000.00, 45000.00, '114101', 'IG07', NULL, '2026-05-28 17:23:37.344614+07');
INSERT INTO public.pr_lines VALUES ('20e0a448-f654-406b-a2fc-2a0249614af5', 'b58aa26d-a24b-457f-85d3-0fa4b5d0a664', 3, 'ITM-008', 'CCTV Camera IP 4K', 3.00, 'EA', 25000.00, 75000.00, '114101', 'IG07', NULL, '2026-05-28 17:23:37.344987+07');
INSERT INTO public.pr_lines VALUES ('630ba6e9-26f9-4afb-9f08-e2b3bd2b9847', 'b4a1edff-0b46-4422-8639-928ca00ac3e4', 1, 'ITM-001', 'GPS Navigation Module', 2.00, 'EA', 85000.00, 170000.00, '114101', 'IG07', NULL, '2026-05-28 17:23:37.4539+07');
INSERT INTO public.pr_lines VALUES ('c40c25b6-945a-4b5d-8402-723b12d67515', 'b4a1edff-0b46-4422-8639-928ca00ac3e4', 2, 'ITM-004', 'Marine Cable RG-213 (per meter)', 2.00, 'M', 85.00, 170.00, '511120', 'IG07', NULL, '2026-05-28 17:23:37.455002+07');
INSERT INTO public.pr_lines VALUES ('b9326a3a-dfe2-4e66-833a-cbc6dbe86594', 'b4a1edff-0b46-4422-8639-928ca00ac3e4', 3, 'ITM-006', 'UPS Battery Backup 3kVA', 4.00, 'EA', 35000.00, 140000.00, '114101', 'IG07', NULL, '2026-05-28 17:23:37.455817+07');
INSERT INTO public.pr_lines VALUES ('f6e669b6-4693-4320-a070-75b98d2211a8', '909f120e-ce58-40af-a3ab-094cd6ac73c7', 1, 'ITM-009', 'Network Switch 24-Port PoE', 2.00, 'EA', 18000.00, 36000.00, '114101', 'IG07', NULL, '2026-05-28 17:23:37.457247+07');
INSERT INTO public.pr_lines VALUES ('a2b62320-942c-4911-8f9d-315806f8465d', '909f120e-ce58-40af-a3ab-094cd6ac73c7', 2, 'ITM-002', 'Marine Radar Antenna', 5.00, 'EA', 320000.00, 1600000.00, '114101', 'IG07', NULL, '2026-05-28 17:23:37.457909+07');
INSERT INTO public.pr_lines VALUES ('d91ec2a7-c21a-4ea0-a545-1f8601c67782', '909f120e-ce58-40af-a3ab-094cd6ac73c7', 3, 'ITM-003', 'Sonar Transducer', 1.00, 'EA', 45000.00, 45000.00, '114101', 'IG07', NULL, '2026-05-28 17:23:37.458595+07');
INSERT INTO public.pr_lines VALUES ('e6420db2-4fa5-4524-9fc4-162502f10c1c', 'dd573630-f4ba-43ad-8efb-739ce77a07b1', 1, 'ITM-006', 'UPS Battery Backup 3kVA', 5.00, 'EA', 35000.00, 175000.00, '114101', 'IG07', NULL, '2026-05-28 17:23:37.459893+07');
INSERT INTO public.pr_lines VALUES ('b4f38578-2bdd-4d3e-8458-e056557ee29d', 'dd573630-f4ba-43ad-8efb-739ce77a07b1', 2, 'ITM-010', 'Installation Labor (per day)', 1.00, 'DAY', 3500.00, 3500.00, '522601', 'IS07', NULL, '2026-05-28 17:23:37.460605+07');
INSERT INTO public.pr_lines VALUES ('2f578385-8e38-4630-81ad-e6e2a6cb1711', 'dd573630-f4ba-43ad-8efb-739ce77a07b1', 3, 'ITM-006', 'UPS Battery Backup 3kVA', 3.00, 'EA', 35000.00, 105000.00, '114101', 'IG07', NULL, '2026-05-28 17:23:37.461274+07');
INSERT INTO public.pr_lines VALUES ('7ab3f62f-e119-432c-b821-4bf266848b82', 'dd573630-f4ba-43ad-8efb-739ce77a07b1', 4, 'ITM-002', 'Marine Radar Antenna', 4.00, 'EA', 320000.00, 1280000.00, '114101', 'IG07', NULL, '2026-05-28 17:23:37.462151+07');
INSERT INTO public.pr_lines VALUES ('450ae6c8-572f-4377-8f64-99cc684aa82b', '247edd31-2b8a-405f-9430-f93d80390ac5', 1, 'ITM-001', 'GPS Navigation Module', 3.00, 'EA', 85000.00, 255000.00, '114101', 'IG07', NULL, '2026-05-28 17:23:37.463675+07');
INSERT INTO public.pr_lines VALUES ('94df0213-202f-49a1-a12f-fffecef6b3a1', '247edd31-2b8a-405f-9430-f93d80390ac5', 2, 'ITM-003', 'Sonar Transducer', 4.00, 'EA', 45000.00, 180000.00, '114101', 'IG07', NULL, '2026-05-28 17:23:37.464479+07');
INSERT INTO public.pr_lines VALUES ('22d3e68e-5f74-443a-bf3f-0e560220474b', '247edd31-2b8a-405f-9430-f93d80390ac5', 3, 'ITM-001', 'GPS Navigation Module', 1.00, 'EA', 85000.00, 85000.00, '114101', 'IG07', NULL, '2026-05-28 17:23:37.465087+07');
INSERT INTO public.pr_lines VALUES ('98660915-f2d7-476d-ab04-f9c1ea6901f7', '57428047-5bfc-49fb-a198-6be8b805569e', 1, 'ITM-003', 'Sonar Transducer', 3.00, 'EA', 45000.00, 135000.00, '114101', 'IG07', NULL, '2026-05-28 17:23:37.46634+07');
INSERT INTO public.pr_lines VALUES ('fb0065c1-d364-46ec-9339-35b7d125e1ac', '57428047-5bfc-49fb-a198-6be8b805569e', 2, 'ITM-004', 'Marine Cable RG-213 (per meter)', 5.00, 'M', 85.00, 425.00, '511120', 'IG07', NULL, '2026-05-28 17:23:37.467061+07');
INSERT INTO public.pr_lines VALUES ('68317391-dc23-4072-88c8-1046acef2dcb', 'd5a47ee5-2516-41c1-a6c2-597303d332fa', 1, 'ITM-009', 'Network Switch 24-Port PoE', 5.00, 'EA', 18000.00, 90000.00, '114101', 'IG07', NULL, '2026-05-28 17:23:37.468539+07');
INSERT INTO public.pr_lines VALUES ('3e5b2639-0bfc-46c3-b349-b06fe7024261', 'd5a47ee5-2516-41c1-a6c2-597303d332fa', 2, 'ITM-002', 'Marine Radar Antenna', 3.00, 'EA', 320000.00, 960000.00, '114101', 'IG07', NULL, '2026-05-28 17:23:37.469352+07');
INSERT INTO public.pr_lines VALUES ('88051abd-b3fb-4864-8962-e5363b6b139c', 'd5a47ee5-2516-41c1-a6c2-597303d332fa', 3, 'ITM-003', 'Sonar Transducer', 4.00, 'EA', 45000.00, 180000.00, '114101', 'IG07', NULL, '2026-05-28 17:23:37.469979+07');
INSERT INTO public.pr_lines VALUES ('5bddffd2-445c-41d6-a84f-94331b0a5c50', '6e809299-3f26-47cd-b77f-7b62017a4fcc', 1, 'ITM-006', 'UPS Battery Backup 3kVA', 3.00, 'EA', 35000.00, 105000.00, '114101', 'IG07', NULL, '2026-05-28 17:23:37.471047+07');
INSERT INTO public.pr_lines VALUES ('f5f6f5f3-8c73-49a5-a6b0-c1be3c50db03', '6e809299-3f26-47cd-b77f-7b62017a4fcc', 2, 'ITM-007', 'Weather Station Sensor Kit', 5.00, 'SET', 180000.00, 900000.00, '114101', 'IG07', NULL, '2026-05-28 17:23:37.471732+07');
INSERT INTO public.pr_lines VALUES ('9b87efd5-7ed5-4d42-b54a-dc317a2de6f7', '6e809299-3f26-47cd-b77f-7b62017a4fcc', 3, 'ITM-003', 'Sonar Transducer', 1.00, 'EA', 45000.00, 45000.00, '114101', 'IG07', NULL, '2026-05-28 17:23:37.472402+07');
INSERT INTO public.pr_lines VALUES ('ae5d6e78-3026-4280-b45a-fea4c92ac635', 'a708dca2-8269-441e-9982-b9aa60e7c978', 1, 'ITM-007', 'Weather Station Sensor Kit', 3.00, 'SET', 180000.00, 540000.00, '114101', 'IG07', NULL, '2026-05-28 17:23:37.476123+07');
INSERT INTO public.pr_lines VALUES ('d6eb0954-be4d-4601-b9bd-fbe201f91852', 'a708dca2-8269-441e-9982-b9aa60e7c978', 2, 'ITM-007', 'Weather Station Sensor Kit', 2.00, 'SET', 180000.00, 360000.00, '114101', 'IG07', NULL, '2026-05-28 17:23:37.476865+07');
INSERT INTO public.pr_lines VALUES ('8589795d-00ca-4d46-aada-7eb563ae0102', 'a708dca2-8269-441e-9982-b9aa60e7c978', 3, 'ITM-001', 'GPS Navigation Module', 2.00, 'EA', 85000.00, 170000.00, '114101', 'IG07', NULL, '2026-05-28 17:23:37.477918+07');


--
-- Data for Name: project_members; Type: TABLE DATA; Schema: public; Owner: -
--

INSERT INTO public.project_members VALUES ('9db3656c-eac0-4519-8daa-eeb4947560b7', '6d53551c-2c84-45ba-bac7-518d2bf81287', '1d57e25a-e741-4cc7-aa88-55276aba0df8', 'pm', '2026-05-11 17:21:22.736711+07');
INSERT INTO public.project_members VALUES ('68baf228-6ef8-4019-ab08-49d9c5438a46', '6d53551c-2c84-45ba-bac7-518d2bf81287', 'b31dbffc-0fd4-42fe-8ae5-a960de5b328d', 'engineer', '2026-05-11 17:21:22.736711+07');
INSERT INTO public.project_members VALUES ('936ed519-a51d-4837-8fd9-baedf58ac57d', '6d53551c-2c84-45ba-bac7-518d2bf81287', 'd0b32103-3b47-45cc-8aa9-5e7030cf226a', 'engineer', '2026-05-11 17:21:22.736711+07');
INSERT INTO public.project_members VALUES ('2f6003cd-df77-4548-a4a9-004015ffd441', '6d53551c-2c84-45ba-bac7-518d2bf81287', 'ebee042c-0b67-4061-8ae0-6755b8549575', 'staff', '2026-05-11 17:21:22.736711+07');
INSERT INTO public.project_members VALUES ('04e1fe74-ddc2-471a-bdb1-8736efddd21f', '6d53551c-2c84-45ba-bac7-518d2bf81287', '95742447-39bf-46eb-8eea-ed16a808e164', 'staff', '2026-05-11 17:21:22.736711+07');
INSERT INTO public.project_members VALUES ('80b2b5ff-d2b1-4dfb-8d9b-e9bf7687e77f', 'de7b0847-7026-4447-b7b8-1cf0b983d44b', 'b31dbffc-0fd4-42fe-8ae5-a960de5b328d', 'pm', '2026-05-11 17:21:22.736711+07');
INSERT INTO public.project_members VALUES ('508fc87b-42ea-497e-8382-81c90f036ec9', 'de7b0847-7026-4447-b7b8-1cf0b983d44b', 'd0b32103-3b47-45cc-8aa9-5e7030cf226a', 'engineer', '2026-05-11 17:21:22.736711+07');
INSERT INTO public.project_members VALUES ('c3dcbb9f-3a12-43c1-8fd7-afaa8e2713ba', 'de7b0847-7026-4447-b7b8-1cf0b983d44b', '95742447-39bf-46eb-8eea-ed16a808e164', 'staff', '2026-05-11 17:21:22.736711+07');
INSERT INTO public.project_members VALUES ('7eeea0bd-0e43-4d6f-ad86-36fa8481b38c', 'e467ad24-f938-4728-a219-7d61c1dc0823', 'd0b32103-3b47-45cc-8aa9-5e7030cf226a', 'pm', '2026-05-11 17:21:22.736711+07');
INSERT INTO public.project_members VALUES ('71b11aa9-7762-405f-977e-d44c6adb58f6', 'e467ad24-f938-4728-a219-7d61c1dc0823', 'ebee042c-0b67-4061-8ae0-6755b8549575', 'staff', '2026-05-11 17:21:22.736711+07');
INSERT INTO public.project_members VALUES ('206448f7-d94a-42e5-9411-e513699f7aea', '10e762e9-bdc9-41d7-9756-0d0ed4cbdfc4', '1d57e25a-e741-4cc7-aa88-55276aba0df8', 'pm', '2026-05-11 17:21:22.736711+07');
INSERT INTO public.project_members VALUES ('4f4888bf-e157-4738-92ee-73e6d8739d72', '10e762e9-bdc9-41d7-9756-0d0ed4cbdfc4', '95742447-39bf-46eb-8eea-ed16a808e164', 'staff', '2026-05-11 17:21:22.736711+07');
INSERT INTO public.project_members VALUES ('5cfa9c98-b8aa-4dc3-bac1-2e95de875f8b', 'a3e5075c-0484-4631-b718-9af934802de1', 'b31dbffc-0fd4-42fe-8ae5-a960de5b328d', 'pm', '2026-05-11 17:21:22.736711+07');
INSERT INTO public.project_members VALUES ('24a0b9c7-2273-44ea-8c46-ba8fbd0f0a96', 'a3e5075c-0484-4631-b718-9af934802de1', '1d57e25a-e741-4cc7-aa88-55276aba0df8', 'engineer', '2026-05-11 17:21:22.736711+07');
INSERT INTO public.project_members VALUES ('3b7dd5a7-fe68-43a6-8f3f-005cfa72c972', 'a3e5075c-0484-4631-b718-9af934802de1', 'ebee042c-0b67-4061-8ae0-6755b8549575', 'staff', '2026-05-11 17:21:22.736711+07');
INSERT INTO public.project_members VALUES ('b944e5da-faef-4222-8aa5-712994f83c7a', '586d4de6-73eb-469d-92d2-7546654ff0dd', 'd0b32103-3b47-45cc-8aa9-5e7030cf226a', 'pm', '2026-05-11 17:21:23.433908+07');
INSERT INTO public.project_members VALUES ('82fdb688-e5e7-45b9-9139-547c6475c167', '586d4de6-73eb-469d-92d2-7546654ff0dd', 'ebee042c-0b67-4061-8ae0-6755b8549575', 'engineer', '2026-05-11 17:21:23.433908+07');
INSERT INTO public.project_members VALUES ('a5ca8375-c4b9-4a19-894a-221e66c93fd7', '586d4de6-73eb-469d-92d2-7546654ff0dd', '95742447-39bf-46eb-8eea-ed16a808e164', 'staff', '2026-05-11 17:21:23.433908+07');
INSERT INTO public.project_members VALUES ('f179f8a8-57dd-45ba-a34a-b88348b33e32', 'b1414314-c8cb-4184-98ac-baebae84a764', 'b31dbffc-0fd4-42fe-8ae5-a960de5b328d', 'pm', '2026-05-11 17:21:23.433908+07');
INSERT INTO public.project_members VALUES ('a5198ade-462c-40bd-a63b-958e84e1d025', 'b1414314-c8cb-4184-98ac-baebae84a764', 'd0b32103-3b47-45cc-8aa9-5e7030cf226a', 'engineer', '2026-05-11 17:21:23.433908+07');
INSERT INTO public.project_members VALUES ('dc104f7e-f640-44aa-abc8-ebab42de0f94', 'b1414314-c8cb-4184-98ac-baebae84a764', '95742447-39bf-46eb-8eea-ed16a808e164', 'staff', '2026-05-11 17:21:23.433908+07');
INSERT INTO public.project_members VALUES ('275dd845-cc24-4d5f-9305-a18d74d59d92', 'b1414314-c8cb-4184-98ac-baebae84a764', 'ebee042c-0b67-4061-8ae0-6755b8549575', 'staff', '2026-05-11 17:21:23.433908+07');
INSERT INTO public.project_members VALUES ('114742e2-51a2-4fd6-bad6-e0f926eef4ad', 'c96cc3ca-23d9-40ca-a9d4-217f701767bb', '1d57e25a-e741-4cc7-aa88-55276aba0df8', 'pm', '2026-05-11 17:21:23.433908+07');
INSERT INTO public.project_members VALUES ('6fd50e48-9f5f-4842-8f44-8ce00a9c4af3', 'c96cc3ca-23d9-40ca-a9d4-217f701767bb', 'b31dbffc-0fd4-42fe-8ae5-a960de5b328d', 'engineer', '2026-05-11 17:21:23.433908+07');
INSERT INTO public.project_members VALUES ('c2bfbf9b-925f-4b1c-a4ab-468ec18507c3', 'c96cc3ca-23d9-40ca-a9d4-217f701767bb', 'ebee042c-0b67-4061-8ae0-6755b8549575', 'staff', '2026-05-11 17:21:23.433908+07');
INSERT INTO public.project_members VALUES ('e539517e-7a17-4f79-852a-283709eb515f', 'c96cc3ca-23d9-40ca-a9d4-217f701767bb', '95742447-39bf-46eb-8eea-ed16a808e164', 'staff', '2026-05-11 17:21:23.433908+07');
INSERT INTO public.project_members VALUES ('0495b564-a745-4c6b-a01c-83671cce760d', '5e9c047f-a845-48d6-a2e5-dc1e5fdb323d', '75b4f523-f342-4c11-97b5-26757ccf1449', 'pm', '2026-05-11 17:21:23.433908+07');
INSERT INTO public.project_members VALUES ('74b95408-3786-49ac-aec3-6dd0ce52c716', '5e9c047f-a845-48d6-a2e5-dc1e5fdb323d', '1d57e25a-e741-4cc7-aa88-55276aba0df8', 'engineer', '2026-05-11 17:21:23.433908+07');
INSERT INTO public.project_members VALUES ('00ed27ee-19df-4dc7-bbe6-62f59bb9bb34', '5e9c047f-a845-48d6-a2e5-dc1e5fdb323d', 'd0b32103-3b47-45cc-8aa9-5e7030cf226a', 'engineer', '2026-05-11 17:21:23.433908+07');
INSERT INTO public.project_members VALUES ('1245864a-7a49-4874-b248-9dd5447e8956', 'd8838034-b3f2-4781-83df-4f5f00a41061', 'b31dbffc-0fd4-42fe-8ae5-a960de5b328d', 'pm', '2026-05-11 17:21:23.433908+07');
INSERT INTO public.project_members VALUES ('a6a16817-7ddc-4ccf-92b8-8b08964441fe', 'd8838034-b3f2-4781-83df-4f5f00a41061', '95742447-39bf-46eb-8eea-ed16a808e164', 'staff', '2026-05-11 17:21:23.433908+07');
INSERT INTO public.project_members VALUES ('7dc4b870-488b-4556-9520-cfd9215ec5ee', '5a190f8c-e256-498a-bb0f-4705b960dced', 'd0b32103-3b47-45cc-8aa9-5e7030cf226a', 'pm', '2026-05-11 17:21:23.433908+07');
INSERT INTO public.project_members VALUES ('b8500a53-6844-4fe0-9e64-38599a2c3901', '5a190f8c-e256-498a-bb0f-4705b960dced', 'b31dbffc-0fd4-42fe-8ae5-a960de5b328d', 'engineer', '2026-05-11 17:21:23.433908+07');
INSERT INTO public.project_members VALUES ('179eb457-7ed1-4a1b-87ec-20c553fc560e', '5a190f8c-e256-498a-bb0f-4705b960dced', '1d57e25a-e741-4cc7-aa88-55276aba0df8', 'engineer', '2026-05-11 17:21:23.433908+07');
INSERT INTO public.project_members VALUES ('6c35b4b2-9d06-437f-91f4-3313c653ad0c', '5a190f8c-e256-498a-bb0f-4705b960dced', 'ebee042c-0b67-4061-8ae0-6755b8549575', 'staff', '2026-05-11 17:21:23.433908+07');
INSERT INTO public.project_members VALUES ('327dc352-d427-4608-8063-db1790534e1d', 'aa52a2af-0912-4d3b-9de7-41f4dcc99fb0', '1d57e25a-e741-4cc7-aa88-55276aba0df8', 'pm', '2026-05-11 17:21:23.433908+07');
INSERT INTO public.project_members VALUES ('be78ee32-8739-477b-8460-55078f0e540a', 'aa52a2af-0912-4d3b-9de7-41f4dcc99fb0', 'd0b32103-3b47-45cc-8aa9-5e7030cf226a', 'engineer', '2026-05-11 17:21:23.433908+07');
INSERT INTO public.project_members VALUES ('cca45ab6-2939-4d87-8031-8cb7992b5629', 'e467ad24-f938-4728-a219-7d61c1dc0823', '95742447-39bf-46eb-8eea-ed16a808e164', 'staff', '2026-05-27 13:34:29.719859+07');
INSERT INTO public.project_members VALUES ('50122da1-2492-49d2-b113-2ddd15aa6bb4', 'e467ad24-f938-4728-a219-7d61c1dc0823', '1d57e25a-e741-4cc7-aa88-55276aba0df8', 'engineer', '2026-05-27 13:34:29.971732+07');
INSERT INTO public.project_members VALUES ('2df7d55b-22c7-475b-aa07-a7117f540d4d', 'e467ad24-f938-4728-a219-7d61c1dc0823', 'b31dbffc-0fd4-42fe-8ae5-a960de5b328d', 'engineer', '2026-05-27 13:34:29.972698+07');
INSERT INTO public.project_members VALUES ('90dedda4-d260-42b6-af6b-cfae48a94c62', '6d53551c-2c84-45ba-bac7-518d2bf81287', '0de45976-9d75-4fcb-a288-ad01f34e32f0', 'member', '2026-05-27 17:41:07.886134+07');


--
-- Data for Name: settlement_lines; Type: TABLE DATA; Schema: public; Owner: -
--

INSERT INTO public.settlement_lines VALUES ('dbb547ce-bf18-4274-902c-c8eae8d99e76', '39b817db-4add-4f31-9baa-ce452a11ee6f', 'Hotel 2 nights', 'accommodation', 5600.00, '2026-03-10', NULL, true, '522602', NULL, 1, '2026-05-27 15:54:02.623849+07');
INSERT INTO public.settlement_lines VALUES ('271b0d9c-96ea-4221-b70f-df0c85a79968', '39b817db-4add-4f31-9baa-ce452a11ee6f', 'Taxi', 'transport', 1200.00, '2026-03-10', NULL, true, '522701', NULL, 2, '2026-05-27 15:54:02.623849+07');
INSERT INTO public.settlement_lines VALUES ('3b340469-1e5f-4260-a998-6bee99171cda', '39b817db-4add-4f31-9baa-ce452a11ee6f', 'Team lunch', 'food', 3500.00, '2026-03-11', NULL, true, '522603', NULL, 3, '2026-05-27 15:54:02.623849+07');
INSERT INTO public.settlement_lines VALUES ('38480889-2bca-439e-8d49-d0e913f2f200', '39b817db-4add-4f31-9baa-ce452a11ee6f', 'Equipment rental', 'material', 12000.00, '2026-03-12', NULL, true, '522709', NULL, 4, '2026-05-27 15:54:02.623849+07');
INSERT INTO public.settlement_lines VALUES ('5ea69159-c7d1-4796-873d-43d0d8d11a0a', '39b817db-4add-4f31-9baa-ce452a11ee6f', 'Fuel', 'transport', 1200.00, '2026-03-12', NULL, true, '522701', NULL, 5, '2026-05-27 15:54:02.623849+07');
INSERT INTO public.settlement_lines VALUES ('532e06cd-b1cd-46b7-86a0-2fbb77481f45', 'ac13867c-5632-4a8f-be86-d1c48dab1aa9', 'Flight BKK-HKT', 'travel', 6800.00, NULL, NULL, true, NULL, NULL, 1, '2026-05-27 15:54:02.635828+07');
INSERT INTO public.settlement_lines VALUES ('891534af-dd82-4a82-b510-fe65e02843e7', 'ac13867c-5632-4a8f-be86-d1c48dab1aa9', 'Hotel 3 nights', 'accommodation', 8400.00, NULL, NULL, true, NULL, NULL, 2, '2026-05-27 15:54:02.635828+07');
INSERT INTO public.settlement_lines VALUES ('7789889b-8ea4-48dc-a305-2c64768089e7', 'ac13867c-5632-4a8f-be86-d1c48dab1aa9', 'Taxi + boat', 'transport', 3200.00, NULL, NULL, true, NULL, NULL, 3, '2026-05-27 15:54:02.635828+07');
INSERT INTO public.settlement_lines VALUES ('de97e4fa-30e6-450f-88b7-8ff949641a06', 'ac13867c-5632-4a8f-be86-d1c48dab1aa9', 'Team meals', 'food', 4100.00, NULL, NULL, true, NULL, NULL, 4, '2026-05-27 15:54:02.635828+07');
INSERT INTO public.settlement_lines VALUES ('4f5ddeac-7661-431d-8397-45dab3f341dc', 'ba0ae207-83b6-4510-9f68-209a1921f48a', 'เครื่องบิน', 'travel', 20000.00, NULL, NULL, false, '522709', NULL, 1, '2026-05-27 16:36:01.761619+07');
INSERT INTO public.settlement_lines VALUES ('906302a5-d4e7-4608-81d5-0ee27692e24b', '9f614cab-d740-4f1c-8759-5fb7affeed92', 'เดินไกล', 'travel', 10000.00, NULL, NULL, false, '522709', NULL, 1, '2026-05-27 16:54:49.78334+07');
INSERT INTO public.settlement_lines VALUES ('892fc8b3-61a0-4ac7-870e-232585d63bf3', '044259dd-e7b6-4878-99e0-3b7ff14e23da', 'เดินนทางง', 'travel', 50000.00, NULL, NULL, false, '522709', NULL, 1, '2026-05-27 16:55:21.897025+07');
INSERT INTO public.settlement_lines VALUES ('335e72c9-d916-42f0-be1e-f35cd2025c17', 'a6990748-ef06-4e4f-960a-a8b071c7a734', 'ค่าเดินทาง', 'travel', 50000.00, NULL, NULL, false, '522709', NULL, 1, '2026-05-28 14:37:15.075737+07');
INSERT INTO public.settlement_lines VALUES ('bae3cbdd-0282-46db-8fa6-99c608391085', 'a6990748-ef06-4e4f-960a-a8b071c7a734', 'ค่าที่พักก', 'travel', 40000.00, NULL, NULL, false, '522709', NULL, 2, '2026-05-28 14:37:15.080036+07');
INSERT INTO public.settlement_lines VALUES ('b296bbda-b73d-47a1-a1a8-3707f5bfdb19', '50e94f29-eaac-41ea-a260-7c0fb238d884', 'เดินทาง', 'travel', 50000.00, NULL, NULL, false, '522709', NULL, 1, '2026-05-29 00:06:13.072955+07');
INSERT INTO public.settlement_lines VALUES ('5958deea-65d1-4b5b-8b75-02120893e644', '85f01a10-b08d-4750-9fcb-a6cb993b4209', 'ค่าเดินทาง', 'travel', 500000.00, NULL, NULL, false, '522709', NULL, 1, '2026-05-29 00:09:13.356413+07');


--
-- Data for Name: step_subtasks; Type: TABLE DATA; Schema: public; Owner: -
--



--
-- Data for Name: tasks; Type: TABLE DATA; Schema: public; Owner: -
--

INSERT INTO public.tasks VALUES ('5eec2830-f46d-476d-aab4-c80df25d3609', 'e467ad24-f938-4728-a219-7d61c1dc0823', 'e9affd4a-df62-4463-b4d0-4755eb5f4960', 'Survey radar site location', NULL, 'done', 'high', 'd0b32103-3b47-45cc-8aa9-5e7030cf226a', '2026-03-15', NULL, 0, 'd0b32103-3b47-45cc-8aa9-5e7030cf226a', '2026-05-27 13:34:29.974643+07', '2026-05-27 13:34:29.974643+07');
INSERT INTO public.tasks VALUES ('f299ce71-006a-4373-ae94-a2821a9aeb0e', 'e467ad24-f938-4728-a219-7d61c1dc0823', 'e9affd4a-df62-4463-b4d0-4755eb5f4960', 'Prepare site assessment report', NULL, 'done', 'medium', 'ebee042c-0b67-4061-8ae0-6755b8549575', '2026-03-20', NULL, 0, 'd0b32103-3b47-45cc-8aa9-5e7030cf226a', '2026-05-27 13:34:29.98257+07', '2026-05-27 13:34:29.98257+07');
INSERT INTO public.tasks VALUES ('7936d6f6-9da3-4ac7-b560-a29a68a96cc6', 'e467ad24-f938-4728-a219-7d61c1dc0823', 'e9affd4a-df62-4463-b4d0-4755eb5f4960', 'Approve radar equipment specifications', NULL, 'done', 'high', 'd0b32103-3b47-45cc-8aa9-5e7030cf226a', '2026-03-25', NULL, 0, 'd0b32103-3b47-45cc-8aa9-5e7030cf226a', '2026-05-27 13:34:29.983552+07', '2026-05-27 13:34:29.983552+07');
INSERT INTO public.tasks VALUES ('474d14cc-fbd4-4b0a-b5a3-b0921de04393', 'e467ad24-f938-4728-a219-7d61c1dc0823', 'ce09e0cb-fe98-45e2-ad0b-d9ead0c54402', 'Order Wave Radar equipment', NULL, 'done', 'high', 'd0b32103-3b47-45cc-8aa9-5e7030cf226a', '2026-04-01', NULL, 0, 'd0b32103-3b47-45cc-8aa9-5e7030cf226a', '2026-05-27 13:34:29.984759+07', '2026-05-27 13:34:29.984759+07');
INSERT INTO public.tasks VALUES ('18523074-4c5f-4fb9-a778-cbdca587c7c1', 'e467ad24-f938-4728-a219-7d61c1dc0823', 'ce09e0cb-fe98-45e2-ad0b-d9ead0c54402', 'Dismantle old radar system', NULL, 'in_progress', 'high', 'ebee042c-0b67-4061-8ae0-6755b8549575', '2026-05-15', NULL, 0, 'd0b32103-3b47-45cc-8aa9-5e7030cf226a', '2026-05-27 13:34:29.985359+07', '2026-05-27 13:34:29.985359+07');
INSERT INTO public.tasks VALUES ('e9c304ea-7214-40fc-8ad2-18d93783adf4', 'e467ad24-f938-4728-a219-7d61c1dc0823', 'c1b66a44-97d1-4b74-8096-e72ec3ce8d12', 'Cable routing and connection', NULL, 'todo', 'medium', 'ebee042c-0b67-4061-8ae0-6755b8549575', '2026-06-20', NULL, 0, 'd0b32103-3b47-45cc-8aa9-5e7030cf226a', '2026-05-27 13:34:29.986992+07', '2026-05-27 13:34:29.986992+07');
INSERT INTO public.tasks VALUES ('a075657a-1882-44b6-89f8-0512c148853e', 'e467ad24-f938-4728-a219-7d61c1dc0823', 'c1b66a44-97d1-4b74-8096-e72ec3ce8d12', 'System calibration and testing', NULL, 'todo', 'high', 'b31dbffc-0fd4-42fe-8ae5-a960de5b328d', '2026-07-01', NULL, 0, 'd0b32103-3b47-45cc-8aa9-5e7030cf226a', '2026-05-27 13:34:29.98755+07', '2026-05-27 13:34:29.98755+07');
INSERT INTO public.tasks VALUES ('4fe6a8a3-1006-4486-88d5-a86cf432b923', 'e467ad24-f938-4728-a219-7d61c1dc0823', 'c1b66a44-97d1-4b74-8096-e72ec3ce8d12', 'User training for operators', NULL, 'todo', 'medium', '95742447-39bf-46eb-8eea-ed16a808e164', '2026-07-15', NULL, 0, 'd0b32103-3b47-45cc-8aa9-5e7030cf226a', '2026-05-27 13:34:29.987994+07', '2026-05-27 13:34:29.987994+07');
INSERT INTO public.tasks VALUES ('68cf4402-f44f-4015-a984-a0678e8a6e90', 'e467ad24-f938-4728-a219-7d61c1dc0823', 'c1b66a44-97d1-4b74-8096-e72ec3ce8d12', 'Final acceptance test (FAT)', NULL, 'todo', 'high', 'd0b32103-3b47-45cc-8aa9-5e7030cf226a', '2026-08-01', NULL, 0, 'd0b32103-3b47-45cc-8aa9-5e7030cf226a', '2026-05-27 13:34:29.991147+07', '2026-05-27 13:34:29.991147+07');
INSERT INTO public.tasks VALUES ('aad6f7ba-32cb-4cb1-b24c-36b013839295', 'e467ad24-f938-4728-a219-7d61c1dc0823', 'c1b66a44-97d1-4b74-8096-e72ec3ce8d12', 'Handover documentation', NULL, 'todo', 'low', '95742447-39bf-46eb-8eea-ed16a808e164', '2026-08-15', NULL, 0, 'd0b32103-3b47-45cc-8aa9-5e7030cf226a', '2026-05-27 13:34:29.991471+07', '2026-05-27 13:34:29.991471+07');
INSERT INTO public.tasks VALUES ('7b3e5b17-f0c1-49c6-b48f-da7a430acae5', 'e467ad24-f938-4728-a219-7d61c1dc0823', 'ce09e0cb-fe98-45e2-ad0b-d9ead0c54402', 'Prepare mounting structure', NULL, 'review', 'medium', 'b31dbffc-0fd4-42fe-8ae5-a960de5b328d', '2026-05-20', NULL, 0, 'd0b32103-3b47-45cc-8aa9-5e7030cf226a', '2026-05-27 13:34:29.985843+07', '2026-05-27 14:22:22.214686+07');
INSERT INTO public.tasks VALUES ('795ab726-d3f2-42b5-98cc-3208ef30d7e4', 'aa52a2af-0912-4d3b-9de7-41f4dcc99fb0', NULL, 'e.g', NULL, 'todo', 'medium', '1d57e25a-e741-4cc7-aa88-55276aba0df8', NULL, '2026-05-26 16:43:27.053417+07', 0, '0de45976-9d75-4fcb-a288-ad01f34e32f0', '2026-05-26 15:31:19.32341+07', '2026-05-27 14:29:01.43628+07');
INSERT INTO public.tasks VALUES ('7d20b92e-1c66-4dcd-b6a6-172d40751094', 'e467ad24-f938-4728-a219-7d61c1dc0823', 'c1b66a44-97d1-4b74-8096-e72ec3ce8d12', 'Install new radar antenna', NULL, 'in_progress', 'high', 'd0b32103-3b47-45cc-8aa9-5e7030cf226a', '2026-06-10', NULL, 0, 'd0b32103-3b47-45cc-8aa9-5e7030cf226a', '2026-05-27 13:34:29.986533+07', '2026-05-27 14:29:07.294091+07');
INSERT INTO public.tasks VALUES ('19fc8f05-1919-41be-bdf5-1920197e09f1', '10e762e9-bdc9-41d7-9756-0d0ed4cbdfc4', NULL, 'Initial site assessment', NULL, 'done', 'high', 'd0b32103-3b47-45cc-8aa9-5e7030cf226a', NULL, NULL, 0, 'd0b32103-3b47-45cc-8aa9-5e7030cf226a', '2026-05-28 16:04:16.227401+07', '2026-05-28 16:04:16.227401+07');
INSERT INTO public.tasks VALUES ('da3c4679-f561-4a18-85b9-4f64c5a0a142', '10e762e9-bdc9-41d7-9756-0d0ed4cbdfc4', NULL, 'Equipment specification review', NULL, 'done', 'medium', 'b31dbffc-0fd4-42fe-8ae5-a960de5b328d', NULL, NULL, 0, 'd0b32103-3b47-45cc-8aa9-5e7030cf226a', '2026-05-28 16:04:16.231897+07', '2026-05-28 16:04:16.231897+07');
INSERT INTO public.tasks VALUES ('1d4dfc48-90f8-467d-9add-3e56e99a22de', '10e762e9-bdc9-41d7-9756-0d0ed4cbdfc4', NULL, 'Vendor selection and ordering', NULL, 'in_progress', 'high', '1d57e25a-e741-4cc7-aa88-55276aba0df8', NULL, NULL, 0, 'd0b32103-3b47-45cc-8aa9-5e7030cf226a', '2026-05-28 16:04:16.232676+07', '2026-05-28 16:04:16.232676+07');
INSERT INTO public.tasks VALUES ('bb9b5789-b14d-4945-ac04-4bf340c0f8ed', '10e762e9-bdc9-41d7-9756-0d0ed4cbdfc4', NULL, 'Installation planning', NULL, 'in_progress', 'medium', 'ebee042c-0b67-4061-8ae0-6755b8549575', NULL, NULL, 0, 'd0b32103-3b47-45cc-8aa9-5e7030cf226a', '2026-05-28 16:04:16.233272+07', '2026-05-28 16:04:16.233272+07');
INSERT INTO public.tasks VALUES ('f9d49339-8ce9-4907-967f-ccda7dd33501', '10e762e9-bdc9-41d7-9756-0d0ed4cbdfc4', NULL, 'System testing and calibration', NULL, 'todo', 'high', 'b31dbffc-0fd4-42fe-8ae5-a960de5b328d', NULL, NULL, 0, 'd0b32103-3b47-45cc-8aa9-5e7030cf226a', '2026-05-28 16:04:16.233793+07', '2026-05-28 16:04:16.233793+07');
INSERT INTO public.tasks VALUES ('74ffbe23-f94d-4ecc-902b-36ab8946a78d', '10e762e9-bdc9-41d7-9756-0d0ed4cbdfc4', NULL, 'User training', NULL, 'todo', 'medium', '95742447-39bf-46eb-8eea-ed16a808e164', NULL, NULL, 0, 'd0b32103-3b47-45cc-8aa9-5e7030cf226a', '2026-05-28 16:04:16.234321+07', '2026-05-28 16:04:16.234321+07');
INSERT INTO public.tasks VALUES ('cc656045-95c6-4287-b859-901905210cc2', '10e762e9-bdc9-41d7-9756-0d0ed4cbdfc4', NULL, 'Documentation and handover', NULL, 'todo', 'low', '95742447-39bf-46eb-8eea-ed16a808e164', NULL, NULL, 0, 'd0b32103-3b47-45cc-8aa9-5e7030cf226a', '2026-05-28 16:04:16.234824+07', '2026-05-28 16:04:16.234824+07');
INSERT INTO public.tasks VALUES ('90527d9c-12fa-4664-a270-9d1cc92011dc', 'a3e5075c-0484-4631-b718-9af934802de1', NULL, 'Initial site assessment', NULL, 'done', 'high', 'd0b32103-3b47-45cc-8aa9-5e7030cf226a', NULL, NULL, 0, 'd0b32103-3b47-45cc-8aa9-5e7030cf226a', '2026-05-28 16:04:16.235211+07', '2026-05-28 16:04:16.235211+07');
INSERT INTO public.tasks VALUES ('68b43521-887d-4718-b5f1-2a3654654246', 'a3e5075c-0484-4631-b718-9af934802de1', NULL, 'Equipment specification review', NULL, 'done', 'medium', 'b31dbffc-0fd4-42fe-8ae5-a960de5b328d', NULL, NULL, 0, 'd0b32103-3b47-45cc-8aa9-5e7030cf226a', '2026-05-28 16:04:16.235578+07', '2026-05-28 16:04:16.235578+07');
INSERT INTO public.tasks VALUES ('37939b9f-5239-4294-9b31-811f5449a3a8', 'a3e5075c-0484-4631-b718-9af934802de1', NULL, 'Vendor selection and ordering', NULL, 'in_progress', 'high', '1d57e25a-e741-4cc7-aa88-55276aba0df8', NULL, NULL, 0, 'd0b32103-3b47-45cc-8aa9-5e7030cf226a', '2026-05-28 16:04:16.235973+07', '2026-05-28 16:04:16.235973+07');
INSERT INTO public.tasks VALUES ('989e7db2-9e8e-4275-adef-e6cca97744ca', 'a3e5075c-0484-4631-b718-9af934802de1', NULL, 'Installation planning', NULL, 'in_progress', 'medium', 'ebee042c-0b67-4061-8ae0-6755b8549575', NULL, NULL, 0, 'd0b32103-3b47-45cc-8aa9-5e7030cf226a', '2026-05-28 16:04:16.236317+07', '2026-05-28 16:04:16.236317+07');
INSERT INTO public.tasks VALUES ('ed9a77ab-dc84-4c1e-80be-69b444ffc993', 'a3e5075c-0484-4631-b718-9af934802de1', NULL, 'System testing and calibration', NULL, 'todo', 'high', 'b31dbffc-0fd4-42fe-8ae5-a960de5b328d', NULL, NULL, 0, 'd0b32103-3b47-45cc-8aa9-5e7030cf226a', '2026-05-28 16:04:16.236693+07', '2026-05-28 16:04:16.236693+07');
INSERT INTO public.tasks VALUES ('fb68bf8d-06f9-44cf-b599-9d3b9588fff8', 'a3e5075c-0484-4631-b718-9af934802de1', NULL, 'User training', NULL, 'todo', 'medium', '95742447-39bf-46eb-8eea-ed16a808e164', NULL, NULL, 0, 'd0b32103-3b47-45cc-8aa9-5e7030cf226a', '2026-05-28 16:04:16.237071+07', '2026-05-28 16:04:16.237071+07');
INSERT INTO public.tasks VALUES ('2d3c65c6-3af7-436b-874e-2dbae276caa9', 'a3e5075c-0484-4631-b718-9af934802de1', NULL, 'Documentation and handover', NULL, 'todo', 'low', '95742447-39bf-46eb-8eea-ed16a808e164', NULL, NULL, 0, 'd0b32103-3b47-45cc-8aa9-5e7030cf226a', '2026-05-28 16:04:16.237444+07', '2026-05-28 16:04:16.237444+07');
INSERT INTO public.tasks VALUES ('0c6c11b4-c8ee-40c4-9254-6784cb74e032', 'b1414314-c8cb-4184-98ac-baebae84a764', NULL, 'Initial site assessment', NULL, 'done', 'high', 'd0b32103-3b47-45cc-8aa9-5e7030cf226a', NULL, NULL, 0, 'd0b32103-3b47-45cc-8aa9-5e7030cf226a', '2026-05-28 16:04:16.237827+07', '2026-05-28 16:04:16.237827+07');
INSERT INTO public.tasks VALUES ('329469d2-7d00-4a9b-8cf9-f13c9aeb79ed', 'b1414314-c8cb-4184-98ac-baebae84a764', NULL, 'Equipment specification review', NULL, 'done', 'medium', 'b31dbffc-0fd4-42fe-8ae5-a960de5b328d', NULL, NULL, 0, 'd0b32103-3b47-45cc-8aa9-5e7030cf226a', '2026-05-28 16:04:16.238195+07', '2026-05-28 16:04:16.238195+07');
INSERT INTO public.tasks VALUES ('400fddd9-8dd0-4a6f-9615-cf984288ef44', 'b1414314-c8cb-4184-98ac-baebae84a764', NULL, 'Vendor selection and ordering', NULL, 'in_progress', 'high', '1d57e25a-e741-4cc7-aa88-55276aba0df8', NULL, NULL, 0, 'd0b32103-3b47-45cc-8aa9-5e7030cf226a', '2026-05-28 16:04:16.238553+07', '2026-05-28 16:04:16.238553+07');
INSERT INTO public.tasks VALUES ('bc4b193d-537f-45e4-98f7-0c162f0bb047', 'b1414314-c8cb-4184-98ac-baebae84a764', NULL, 'Installation planning', NULL, 'in_progress', 'medium', 'ebee042c-0b67-4061-8ae0-6755b8549575', NULL, NULL, 0, 'd0b32103-3b47-45cc-8aa9-5e7030cf226a', '2026-05-28 16:04:16.238921+07', '2026-05-28 16:04:16.238921+07');
INSERT INTO public.tasks VALUES ('c587b097-292c-487e-a903-5234f0799b42', 'b1414314-c8cb-4184-98ac-baebae84a764', NULL, 'System testing and calibration', NULL, 'todo', 'high', 'b31dbffc-0fd4-42fe-8ae5-a960de5b328d', NULL, NULL, 0, 'd0b32103-3b47-45cc-8aa9-5e7030cf226a', '2026-05-28 16:04:16.2395+07', '2026-05-28 16:04:16.2395+07');
INSERT INTO public.tasks VALUES ('26d75b09-c011-47f6-a496-67030a68065d', 'b1414314-c8cb-4184-98ac-baebae84a764', NULL, 'User training', NULL, 'todo', 'medium', '95742447-39bf-46eb-8eea-ed16a808e164', NULL, NULL, 0, 'd0b32103-3b47-45cc-8aa9-5e7030cf226a', '2026-05-28 16:04:16.239832+07', '2026-05-28 16:04:16.239832+07');
INSERT INTO public.tasks VALUES ('cfcfa239-8dbc-4ef7-aa8d-37c27aa43b3b', 'b1414314-c8cb-4184-98ac-baebae84a764', NULL, 'Documentation and handover', NULL, 'todo', 'low', '95742447-39bf-46eb-8eea-ed16a808e164', NULL, NULL, 0, 'd0b32103-3b47-45cc-8aa9-5e7030cf226a', '2026-05-28 16:04:16.240146+07', '2026-05-28 16:04:16.240146+07');
INSERT INTO public.tasks VALUES ('eec9520e-522e-4228-81ab-eec9c4e5498d', '5e9c047f-a845-48d6-a2e5-dc1e5fdb323d', NULL, 'Initial site assessment', NULL, 'done', 'high', 'd0b32103-3b47-45cc-8aa9-5e7030cf226a', NULL, NULL, 0, 'd0b32103-3b47-45cc-8aa9-5e7030cf226a', '2026-05-28 16:04:16.24047+07', '2026-05-28 16:04:16.24047+07');
INSERT INTO public.tasks VALUES ('39a62b3e-18f3-4915-8f60-952dd6e935e0', '5e9c047f-a845-48d6-a2e5-dc1e5fdb323d', NULL, 'Equipment specification review', NULL, 'done', 'medium', 'b31dbffc-0fd4-42fe-8ae5-a960de5b328d', NULL, NULL, 0, 'd0b32103-3b47-45cc-8aa9-5e7030cf226a', '2026-05-28 16:04:16.240757+07', '2026-05-28 16:04:16.240757+07');
INSERT INTO public.tasks VALUES ('af4adb78-7349-47c2-9eda-2ae0111675b6', '5e9c047f-a845-48d6-a2e5-dc1e5fdb323d', NULL, 'Vendor selection and ordering', NULL, 'in_progress', 'high', '1d57e25a-e741-4cc7-aa88-55276aba0df8', NULL, NULL, 0, 'd0b32103-3b47-45cc-8aa9-5e7030cf226a', '2026-05-28 16:04:16.24111+07', '2026-05-28 16:04:16.24111+07');
INSERT INTO public.tasks VALUES ('4fd8bd5e-b476-47c0-8d52-3dc5180566c7', '5e9c047f-a845-48d6-a2e5-dc1e5fdb323d', NULL, 'Installation planning', NULL, 'in_progress', 'medium', 'ebee042c-0b67-4061-8ae0-6755b8549575', NULL, NULL, 0, 'd0b32103-3b47-45cc-8aa9-5e7030cf226a', '2026-05-28 16:04:16.241475+07', '2026-05-28 16:04:16.241475+07');
INSERT INTO public.tasks VALUES ('084a0db7-4593-4725-ace6-1d47b66c1c51', '5e9c047f-a845-48d6-a2e5-dc1e5fdb323d', NULL, 'System testing and calibration', NULL, 'todo', 'high', 'b31dbffc-0fd4-42fe-8ae5-a960de5b328d', NULL, NULL, 0, 'd0b32103-3b47-45cc-8aa9-5e7030cf226a', '2026-05-28 16:04:16.242823+07', '2026-05-28 16:04:16.242823+07');
INSERT INTO public.tasks VALUES ('b4bb7293-6bac-4634-b09a-408956991b72', '5e9c047f-a845-48d6-a2e5-dc1e5fdb323d', NULL, 'User training', NULL, 'todo', 'medium', '95742447-39bf-46eb-8eea-ed16a808e164', NULL, NULL, 0, 'd0b32103-3b47-45cc-8aa9-5e7030cf226a', '2026-05-28 16:04:16.243149+07', '2026-05-28 16:04:16.243149+07');
INSERT INTO public.tasks VALUES ('b8d69cc3-c511-49fa-bcf9-5df65ba5c0e0', '5e9c047f-a845-48d6-a2e5-dc1e5fdb323d', NULL, 'Documentation and handover', NULL, 'todo', 'low', '95742447-39bf-46eb-8eea-ed16a808e164', NULL, NULL, 0, 'd0b32103-3b47-45cc-8aa9-5e7030cf226a', '2026-05-28 16:04:16.243464+07', '2026-05-28 16:04:16.243464+07');
INSERT INTO public.tasks VALUES ('d9173340-6971-4d03-afe2-00a3edd2af27', 'd8838034-b3f2-4781-83df-4f5f00a41061', NULL, 'Initial site assessment', NULL, 'done', 'high', 'd0b32103-3b47-45cc-8aa9-5e7030cf226a', NULL, NULL, 0, 'd0b32103-3b47-45cc-8aa9-5e7030cf226a', '2026-05-28 16:04:16.243797+07', '2026-05-28 16:04:16.243797+07');
INSERT INTO public.tasks VALUES ('1716937e-ffff-45fb-ad10-8fda87dcd5bf', 'd8838034-b3f2-4781-83df-4f5f00a41061', NULL, 'Equipment specification review', NULL, 'done', 'medium', 'b31dbffc-0fd4-42fe-8ae5-a960de5b328d', NULL, NULL, 0, 'd0b32103-3b47-45cc-8aa9-5e7030cf226a', '2026-05-28 16:04:16.244111+07', '2026-05-28 16:04:16.244111+07');
INSERT INTO public.tasks VALUES ('654c43d5-96ed-44f6-bff7-83d1e2f5e934', 'd8838034-b3f2-4781-83df-4f5f00a41061', NULL, 'Vendor selection and ordering', NULL, 'in_progress', 'high', '1d57e25a-e741-4cc7-aa88-55276aba0df8', NULL, NULL, 0, 'd0b32103-3b47-45cc-8aa9-5e7030cf226a', '2026-05-28 16:04:16.244426+07', '2026-05-28 16:04:16.244426+07');
INSERT INTO public.tasks VALUES ('bd60a883-d84b-48a6-a7ea-df1c39033625', 'd8838034-b3f2-4781-83df-4f5f00a41061', NULL, 'Installation planning', NULL, 'in_progress', 'medium', 'ebee042c-0b67-4061-8ae0-6755b8549575', NULL, NULL, 0, 'd0b32103-3b47-45cc-8aa9-5e7030cf226a', '2026-05-28 16:04:16.244731+07', '2026-05-28 16:04:16.244731+07');
INSERT INTO public.tasks VALUES ('1d80e468-74e1-41df-b09f-f58956f4727f', '586d4de6-73eb-469d-92d2-7546654ff0dd', NULL, 'ติดตั้ง AIS Transponder จุดที่ 3', NULL, 'in_progress', 'medium', '95742447-39bf-46eb-8eea-ed16a808e164', '2026-05-25', NULL, 0, 'd0b32103-3b47-45cc-8aa9-5e7030cf226a', '2026-05-11 17:21:23.433908+07', '2026-05-27 10:14:58.606327+07');
INSERT INTO public.tasks VALUES ('d80d359b-a45b-46c0-bd96-ad4b3ae7ab64', '586d4de6-73eb-469d-92d2-7546654ff0dd', NULL, 'ติดตั้ง AIS Transponder จุดที่ 2', NULL, 'review', 'medium', 'ebee042c-0b67-4061-8ae0-6755b8549575', '2026-05-10', NULL, 0, 'd0b32103-3b47-45cc-8aa9-5e7030cf226a', '2026-05-11 17:21:23.433908+07', '2026-05-27 10:15:00.021519+07');
INSERT INTO public.tasks VALUES ('b7dfec95-0ebd-4815-9b73-c2fa1233fa6e', '586d4de6-73eb-469d-92d2-7546654ff0dd', NULL, 'ทดสอบสัญญาณ AIS ครบ 3 จุด', NULL, 'todo', 'high', 'd0b32103-3b47-45cc-8aa9-5e7030cf226a', '2026-06-05', '2026-05-27 10:08:03.375718+07', 0, 'd0b32103-3b47-45cc-8aa9-5e7030cf226a', '2026-05-11 17:21:23.433908+07', '2026-05-27 10:15:01.402688+07');
INSERT INTO public.tasks VALUES ('5032f420-0a92-458f-84c6-c41a234270f0', '6d53551c-2c84-45ba-bac7-518d2bf81287', NULL, 'Prepare UAT test cases document', NULL, 'in_progress', 'medium', '95742447-39bf-46eb-8eea-ed16a808e164', '2026-05-20', NULL, 0, '1d57e25a-e741-4cc7-aa88-55276aba0df8', '2026-05-11 17:21:22.736711+07', '2026-05-28 13:45:46.437121+07');
INSERT INTO public.tasks VALUES ('d84ae048-1cf8-494b-a3ac-787dfc59d1af', '586d4de6-73eb-469d-92d2-7546654ff0dd', NULL, 'สำรวจจุดติดตั้ง AIS Repeater 3 จุด', NULL, 'todo', 'high', 'd0b32103-3b47-45cc-8aa9-5e7030cf226a', '2026-03-20', NULL, 0, 'd0b32103-3b47-45cc-8aa9-5e7030cf226a', '2026-05-11 17:21:23.433908+07', '2026-05-27 10:12:21.689814+07');
INSERT INTO public.tasks VALUES ('adc77a04-0d2a-4ff7-a3ef-fc4918b69387', '6d53551c-2c84-45ba-bac7-518d2bf81287', NULL, 'ssss', NULL, 'todo', 'medium', '0de45976-9d75-4fcb-a288-ad01f34e32f0', NULL, NULL, 0, '0de45976-9d75-4fcb-a288-ad01f34e32f0', '2026-05-28 14:11:42.424526+07', '2026-05-28 14:11:42.424526+07');
INSERT INTO public.tasks VALUES ('9a484285-06ac-4527-a305-9da45a6a4a8f', '6d53551c-2c84-45ba-bac7-518d2bf81287', NULL, 'Draft training manual for customer', NULL, 'todo', 'low', '95742447-39bf-46eb-8eea-ed16a808e164', '2026-06-10', NULL, 0, '1d57e25a-e741-4cc7-aa88-55276aba0df8', '2026-05-11 17:21:22.736711+07', '2026-05-28 14:26:34.151161+07');
INSERT INTO public.tasks VALUES ('b1894159-940e-459f-9fce-8496571eb626', 'd8838034-b3f2-4781-83df-4f5f00a41061', NULL, 'System testing and calibration', NULL, 'todo', 'high', 'b31dbffc-0fd4-42fe-8ae5-a960de5b328d', NULL, NULL, 0, 'd0b32103-3b47-45cc-8aa9-5e7030cf226a', '2026-05-28 16:04:16.245019+07', '2026-05-28 16:04:16.245019+07');
INSERT INTO public.tasks VALUES ('88d2ae05-f82d-481c-a7f6-c623761974f6', '6d53551c-2c84-45ba-bac7-518d2bf81287', NULL, 'Wire routing for navigation display bridge', NULL, 'in_progress', 'medium', 'ebee042c-0b67-4061-8ae0-6755b8549575', '2026-05-15', NULL, 0, '1d57e25a-e741-4cc7-aa88-55276aba0df8', '2026-05-11 17:21:22.736711+07', '2026-05-11 17:21:22.736711+07');
INSERT INTO public.tasks VALUES ('335b181a-933f-40bc-b527-4e746d8d9f2d', '6d53551c-2c84-45ba-bac7-518d2bf81287', NULL, 'Sonar depth test — 50m, 100m, 200m range', NULL, 'review', 'medium', 'b31dbffc-0fd4-42fe-8ae5-a960de5b328d', '2026-05-08', NULL, 0, '1d57e25a-e741-4cc7-aa88-55276aba0df8', '2026-05-11 17:21:22.736711+07', '2026-05-11 17:21:22.736711+07');
INSERT INTO public.tasks VALUES ('7546e53a-9c38-4ff7-8cf9-f2c7a40dbee4', '6d53551c-2c84-45ba-bac7-518d2bf81287', NULL, 'Order spare parts for warranty stock', NULL, 'todo', 'low', '32ae2c60-b3e7-4834-8729-23a4b3ecb2da', '2026-06-01', NULL, 0, '1d57e25a-e741-4cc7-aa88-55276aba0df8', '2026-05-11 17:21:22.736711+07', '2026-05-11 17:21:22.736711+07');
INSERT INTO public.tasks VALUES ('fbb116ab-a770-485e-9b91-12d3976184bd', '6d53551c-2c84-45ba-bac7-518d2bf81287', NULL, 'Sounder transducer mounting', NULL, 'done', 'high', 'd0b32103-3b47-45cc-8aa9-5e7030cf226a', '2026-05-05', NULL, 0, '1d57e25a-e741-4cc7-aa88-55276aba0df8', '2026-05-11 17:21:22.736711+07', '2026-05-11 17:21:22.736711+07');
INSERT INTO public.tasks VALUES ('16ea8811-aeb2-4e5e-9ddd-e13e5990a225', '6d53551c-2c84-45ba-bac7-518d2bf81287', NULL, 'Power supply installation for nav systems', NULL, 'done', 'medium', 'ebee042c-0b67-4061-8ae0-6755b8549575', '2026-05-03', NULL, 0, '1d57e25a-e741-4cc7-aa88-55276aba0df8', '2026-05-11 17:21:22.736711+07', '2026-05-11 17:21:22.736711+07');
INSERT INTO public.tasks VALUES ('a4e3fdec-1233-4298-92f0-5199295291f8', '6d53551c-2c84-45ba-bac7-518d2bf81287', NULL, 'Equipment inventory check & photo', NULL, 'done', 'low', '95742447-39bf-46eb-8eea-ed16a808e164', '2026-05-01', NULL, 0, '1d57e25a-e741-4cc7-aa88-55276aba0df8', '2026-05-11 17:21:22.736711+07', '2026-05-11 17:21:22.736711+07');
INSERT INTO public.tasks VALUES ('9e69dfef-b7ab-4afe-90bd-5ada5d5a9f45', 'de7b0847-7026-4447-b7b8-1cf0b983d44b', NULL, 'ทดสอบ Sonar transducer ระยะ 500m', NULL, 'in_progress', 'high', 'b31dbffc-0fd4-42fe-8ae5-a960de5b328d', '2026-05-15', NULL, 0, 'b31dbffc-0fd4-42fe-8ae5-a960de5b328d', '2026-05-11 17:21:23.433908+07', '2026-05-11 17:21:23.433908+07');
INSERT INTO public.tasks VALUES ('29b89feb-c49c-42ad-a522-9e44a561c4e4', 'de7b0847-7026-4447-b7b8-1cf0b983d44b', NULL, 'เดินสาย cable ใต้น้ำ', NULL, 'in_progress', 'medium', 'd0b32103-3b47-45cc-8aa9-5e7030cf226a', '2026-05-18', NULL, 0, 'b31dbffc-0fd4-42fe-8ae5-a960de5b328d', '2026-05-11 17:21:23.433908+07', '2026-05-11 17:21:23.433908+07');
INSERT INTO public.tasks VALUES ('e2793b37-fe36-4436-a455-bae77b0ecf44', 'de7b0847-7026-4447-b7b8-1cf0b983d44b', NULL, 'ติดตั้ง display unit ห้องควบคุม', NULL, 'todo', 'medium', 'ebee042c-0b67-4061-8ae0-6755b8549575', '2026-05-20', NULL, 0, 'b31dbffc-0fd4-42fe-8ae5-a960de5b328d', '2026-05-11 17:21:23.433908+07', '2026-05-11 17:21:23.433908+07');
INSERT INTO public.tasks VALUES ('63e2b212-e080-4822-b840-ea9f502b7bd5', 'de7b0847-7026-4447-b7b8-1cf0b983d44b', NULL, 'สอบเทียบค่า depth reading', NULL, 'todo', 'high', 'b31dbffc-0fd4-42fe-8ae5-a960de5b328d', '2026-05-25', NULL, 0, 'b31dbffc-0fd4-42fe-8ae5-a960de5b328d', '2026-05-11 17:21:23.433908+07', '2026-05-11 17:21:23.433908+07');
INSERT INTO public.tasks VALUES ('8b0abd09-a7e3-4dbd-a2d8-818a5a79f669', 'd8838034-b3f2-4781-83df-4f5f00a41061', NULL, 'User training', NULL, 'todo', 'medium', '95742447-39bf-46eb-8eea-ed16a808e164', NULL, NULL, 0, 'd0b32103-3b47-45cc-8aa9-5e7030cf226a', '2026-05-28 16:04:16.245308+07', '2026-05-28 16:04:16.245308+07');
INSERT INTO public.tasks VALUES ('adfd8d44-0e0c-4fb0-a6ed-26a4aee73b2b', '586d4de6-73eb-469d-92d2-7546654ff0dd', NULL, 'ติดตั้ง AIS Transponder จุดที่ 1', NULL, 'done', 'medium', 'ebee042c-0b67-4061-8ae0-6755b8549575', '2026-04-05', NULL, 0, 'd0b32103-3b47-45cc-8aa9-5e7030cf226a', '2026-05-11 17:21:23.433908+07', '2026-05-11 17:21:23.433908+07');
INSERT INTO public.tasks VALUES ('2a4c47f9-0ef5-474f-9ef7-8a06bb19bc23', 'd8838034-b3f2-4781-83df-4f5f00a41061', NULL, 'Documentation and handover', NULL, 'todo', 'low', '95742447-39bf-46eb-8eea-ed16a808e164', NULL, NULL, 0, 'd0b32103-3b47-45cc-8aa9-5e7030cf226a', '2026-05-28 16:04:16.245594+07', '2026-05-28 16:04:16.245594+07');
INSERT INTO public.tasks VALUES ('02983c1c-a409-487e-92df-a4bbbba3d73a', 'c96cc3ca-23d9-40ca-a9d4-217f701767bb', NULL, 'ติดตั้งกล้อง Zone A (8 ตัว)', NULL, 'done', 'high', '1d57e25a-e741-4cc7-aa88-55276aba0df8', '2026-03-15', NULL, 0, '1d57e25a-e741-4cc7-aa88-55276aba0df8', '2026-05-11 17:21:23.433908+07', '2026-05-11 17:21:23.433908+07');
INSERT INTO public.tasks VALUES ('1d63212f-731a-4a51-8566-ff5888171c46', 'c96cc3ca-23d9-40ca-a9d4-217f701767bb', NULL, 'ติดตั้งกล้อง Zone B (8 ตัว)', NULL, 'done', 'high', 'b31dbffc-0fd4-42fe-8ae5-a960de5b328d', '2026-04-01', NULL, 0, '1d57e25a-e741-4cc7-aa88-55276aba0df8', '2026-05-11 17:21:23.433908+07', '2026-05-11 17:21:23.433908+07');
INSERT INTO public.tasks VALUES ('f9735e0f-d7dd-4f63-bac6-601abdaaf6a4', 'c96cc3ca-23d9-40ca-a9d4-217f701767bb', NULL, 'ติดตั้งกล้อง Zone C (8 ตัว)', NULL, 'review', 'high', 'ebee042c-0b67-4061-8ae0-6755b8549575', '2026-05-01', NULL, 0, '1d57e25a-e741-4cc7-aa88-55276aba0df8', '2026-05-11 17:21:23.433908+07', '2026-05-11 17:21:23.433908+07');
INSERT INTO public.tasks VALUES ('e2339e3b-acde-4818-aa51-0fba16f9246c', 'c96cc3ca-23d9-40ca-a9d4-217f701767bb', NULL, 'ตั้งค่า NVR + Software', NULL, 'in_progress', 'medium', '24d99416-9114-405c-ac4d-97707f282c5c', '2026-05-15', NULL, 0, '1d57e25a-e741-4cc7-aa88-55276aba0df8', '2026-05-11 17:21:23.433908+07', '2026-05-11 17:21:23.433908+07');
INSERT INTO public.tasks VALUES ('1519d96d-1fed-49e0-be89-4ba05539bff8', 'c96cc3ca-23d9-40ca-a9d4-217f701767bb', NULL, 'ทดสอบ Live streaming + Playback', NULL, 'todo', 'medium', '24d99416-9114-405c-ac4d-97707f282c5c', '2026-05-20', NULL, 0, '1d57e25a-e741-4cc7-aa88-55276aba0df8', '2026-05-11 17:21:23.433908+07', '2026-05-11 17:21:23.433908+07');
INSERT INTO public.tasks VALUES ('3273ee64-0c4b-4a0e-8781-ee121156ebe8', 'c96cc3ca-23d9-40ca-a9d4-217f701767bb', NULL, 'อบรมเจ้าหน้าที่ท่าเรือ', NULL, 'todo', 'low', '1d57e25a-e741-4cc7-aa88-55276aba0df8', '2026-06-01', NULL, 0, '1d57e25a-e741-4cc7-aa88-55276aba0df8', '2026-05-11 17:21:23.433908+07', '2026-05-11 17:21:23.433908+07');
INSERT INTO public.tasks VALUES ('8e0a0e2f-6e6e-4b36-af8d-ecd44a32aec6', '5a190f8c-e256-498a-bb0f-4705b960dced', NULL, 'Survey สถานที่ติดตั้ง Radar', NULL, 'done', 'high', 'd0b32103-3b47-45cc-8aa9-5e7030cf226a', '2026-04-01', NULL, 0, 'd0b32103-3b47-45cc-8aa9-5e7030cf226a', '2026-05-11 17:21:23.433908+07', '2026-05-11 17:21:23.433908+07');
INSERT INTO public.tasks VALUES ('a27d0f4e-aea6-496b-b52e-336de437cbc8', '5a190f8c-e256-498a-bb0f-4705b960dced', NULL, 'ออกแบบ Network topology', NULL, 'in_progress', 'high', '24d99416-9114-405c-ac4d-97707f282c5c', '2026-05-15', NULL, 0, 'd0b32103-3b47-45cc-8aa9-5e7030cf226a', '2026-05-11 17:21:23.433908+07', '2026-05-11 17:21:23.433908+07');
INSERT INTO public.tasks VALUES ('9980e290-9c2e-43fc-81af-9d144f4dc06e', '5a190f8c-e256-498a-bb0f-4705b960dced', NULL, 'สั่งซื้ออุปกรณ์ Radar + AIS', NULL, 'in_progress', 'high', '32ae2c60-b3e7-4834-8729-23a4b3ecb2da', '2026-05-20', NULL, 0, 'd0b32103-3b47-45cc-8aa9-5e7030cf226a', '2026-05-11 17:21:23.433908+07', '2026-05-11 17:21:23.433908+07');
INSERT INTO public.tasks VALUES ('6f1dfa9c-61aa-4f5c-ab96-2edba9190dc9', '5a190f8c-e256-498a-bb0f-4705b960dced', NULL, 'เตรียม Server room', NULL, 'todo', 'medium', 'b31dbffc-0fd4-42fe-8ae5-a960de5b328d', '2026-06-01', NULL, 0, 'd0b32103-3b47-45cc-8aa9-5e7030cf226a', '2026-05-11 17:21:23.433908+07', '2026-05-11 17:21:23.433908+07');
INSERT INTO public.tasks VALUES ('77d217ac-1431-47ad-93ad-44c79e3c6561', '6d53551c-2c84-45ba-bac7-518d2bf81287', NULL, 'GPS module calibration — Phuket harbor', NULL, 'todo', 'high', 'd0b32103-3b47-45cc-8aa9-5e7030cf226a', '2026-05-10', NULL, 0, '1d57e25a-e741-4cc7-aa88-55276aba0df8', '2026-05-11 17:21:22.736711+07', '2026-05-28 23:45:32.561879+07');


--
-- Data for Name: travel_members; Type: TABLE DATA; Schema: public; Owner: -
--

INSERT INTO public.travel_members VALUES ('f9dacbbc-fdbf-4344-9c3f-82916851d61d', '45f3b2c0-94b2-4e1b-b895-3920cd94bacf', 'd0b32103-3b47-45cc-8aa9-5e7030cf226a', true, true, NULL);
INSERT INTO public.travel_members VALUES ('b3405ede-be5e-46a1-87da-2687dd987fc8', '45f3b2c0-94b2-4e1b-b895-3920cd94bacf', 'ebee042c-0b67-4061-8ae0-6755b8549575', false, true, NULL);
INSERT INTO public.travel_members VALUES ('3cc30a5b-d4d7-4dc7-84b3-425861a3446a', '45f3b2c0-94b2-4e1b-b895-3920cd94bacf', '95742447-39bf-46eb-8eea-ed16a808e164', false, false, NULL);
INSERT INTO public.travel_members VALUES ('2b8b1553-05fe-41c9-99a1-a4580b1950b1', '0d44beb5-a1e3-47dd-843c-3e89e76a1c76', '1d57e25a-e741-4cc7-aa88-55276aba0df8', true, true, NULL);
INSERT INTO public.travel_members VALUES ('de3369ad-6bdc-44bc-a279-baeeaedcd5d2', '0d44beb5-a1e3-47dd-843c-3e89e76a1c76', 'b31dbffc-0fd4-42fe-8ae5-a960de5b328d', false, true, NULL);
INSERT INTO public.travel_members VALUES ('5e055312-7cb3-4794-8944-c44b4adb9e17', '0d44beb5-a1e3-47dd-843c-3e89e76a1c76', '95742447-39bf-46eb-8eea-ed16a808e164', false, true, NULL);
INSERT INTO public.travel_members VALUES ('0aad34c7-7cbd-4762-99cb-42d366c813dc', '0d44beb5-a1e3-47dd-843c-3e89e76a1c76', '24d99416-9114-405c-ac4d-97707f282c5c', false, true, NULL);
INSERT INTO public.travel_members VALUES ('69264a96-c985-43e5-a873-419f021c82ae', '0d05f31d-c350-4476-b968-d25e879a2ef9', 'b31dbffc-0fd4-42fe-8ae5-a960de5b328d', true, true, NULL);
INSERT INTO public.travel_members VALUES ('a9aa10b1-21ae-403d-ad39-250d9471feec', '0d05f31d-c350-4476-b968-d25e879a2ef9', 'd0b32103-3b47-45cc-8aa9-5e7030cf226a', false, true, NULL);
INSERT INTO public.travel_members VALUES ('32a3d225-28f3-4681-93da-09101f2212ab', '7b073e31-e3f7-4ace-973f-97b02f0075b1', 'b31dbffc-0fd4-42fe-8ae5-a960de5b328d', true, true, NULL);
INSERT INTO public.travel_members VALUES ('231a47d3-87d3-4db6-97de-571245a782fd', '7b073e31-e3f7-4ace-973f-97b02f0075b1', '95742447-39bf-46eb-8eea-ed16a808e164', false, false, NULL);
INSERT INTO public.travel_members VALUES ('ea496599-0066-4355-9439-d9906a2508cb', '7b073e31-e3f7-4ace-973f-97b02f0075b1', 'd0b32103-3b47-45cc-8aa9-5e7030cf226a', false, true, NULL);
INSERT INTO public.travel_members VALUES ('9df7d92b-ffbe-41e7-a6c5-9ce5af5aae8b', 'e2dac2fc-ecc5-40b3-9d77-5de31bc02740', 'd0b32103-3b47-45cc-8aa9-5e7030cf226a', true, true, NULL);
INSERT INTO public.travel_members VALUES ('5fa96c8e-fad9-47e4-af51-8b92f5089ae0', 'e2dac2fc-ecc5-40b3-9d77-5de31bc02740', 'ebee042c-0b67-4061-8ae0-6755b8549575', false, false, NULL);
INSERT INTO public.travel_members VALUES ('fdef0a35-a55e-4b38-b197-09deaafb62a2', 'bdda77fc-b311-4377-bb24-fb18598ce5da', 'd0b32103-3b47-45cc-8aa9-5e7030cf226a', true, true, NULL);
INSERT INTO public.travel_members VALUES ('05174231-19d1-4cfe-9b43-a81705a7e085', 'bdda77fc-b311-4377-bb24-fb18598ce5da', 'b31dbffc-0fd4-42fe-8ae5-a960de5b328d', false, true, NULL);
INSERT INTO public.travel_members VALUES ('ead0dfd1-f316-48e2-a400-9bb57d490592', 'bdda77fc-b311-4377-bb24-fb18598ce5da', '1d57e25a-e741-4cc7-aa88-55276aba0df8', false, false, NULL);


--
-- Data for Name: vendor_quotes; Type: TABLE DATA; Schema: public; Owner: -
--



--
-- Data for Name: vendor_quote_lines; Type: TABLE DATA; Schema: public; Owner: -
--



--
-- Data for Name: wht_codes; Type: TABLE DATA; Schema: public; Owner: -
--

INSERT INTO public.wht_codes VALUES ('6359318c-0658-4efc-bf42-97c3c803f01f', '11111111-1111-1111-1111-111111111111', '5360', 'ค่าบริการ', 3.00, true);
INSERT INTO public.wht_codes VALUES ('2dfb2c78-497e-4448-9412-a2f40a1b4b23', '11111111-1111-1111-1111-111111111111', '5362', 'ค่าจ้างเหมา', 3.00, true);
INSERT INTO public.wht_codes VALUES ('176dd3b7-011e-4dac-a504-9df479ee5c83', '11111111-1111-1111-1111-111111111111', '5350', 'ค่าขนส่ง', 1.00, true);
INSERT INTO public.wht_codes VALUES ('5e5d9304-5f15-445b-a904-59ccd2811e77', '11111111-1111-1111-1111-111111111111', '5361', 'ค่าเช่า', 5.00, true);
INSERT INTO public.wht_codes VALUES ('4257afae-9c74-4bbf-af8c-2b3a1880ac0a', '11111111-1111-1111-1111-111111111111', '5363', 'ค่าโฆษณา', 2.00, true);


--
-- PostgreSQL database dump complete
--

\unrestrict YOXLmdcw46MEqnXh5hOxgAeeIgbTIRgEE0ghaESg32CYpUsMEXVnNcNXmRvbpQ9


-- Re-enable FK checks
SET session_replication_role = 'origin';
